"ad_date","source","campaign_name","adset_name","utm_campaign","total_spend","total_clicks","total_impressions","total_reach","total_leads","total_value"
2020-11-11,Facebook,Discounts,True power,discounts,189,45,1800,1690,0,238
2020-11-12,Facebook,Discounts,Upgrades,discounts,34,2,209,52,0,34
2020-11-12,Facebook,Discounts,True power,discounts,2266,395,10264,11558,7,2079
2020-11-12,Google,Discounts,Upgrades,discounts,66,7,180,129,0,76
2020-11-12,Google,Discounts,True power,discounts,332,252,9124,2900,6,440
2020-11-13,Facebook,Discounts,Upgrades,discounts,14,0,66,52,0,17
2020-11-13,Facebook,Discounts,True power,discounts,622,451,11603,2855,7,960
2020-11-13,Google,Discounts,True power,discounts,1054,108,6449,4682,9,1357
2020-11-14,Facebook,Discounts,True power,discounts,727,392,5005,2375,4,1267
2020-11-14,Google,Discounts,Upgrades,discounts,1,0,7,6,0,1
2020-11-15,Facebook,Discounts,True power,discounts,698,657,12465,8396,4,1096
2020-11-15,Google,Discounts,True power,discounts,682,130,5210,1882,2,1000
2020-11-16,Facebook,Discounts,True power,discounts,4167,768,13113,16542,9,3291
2020-11-16,Google,Discounts,True power,discounts,2760,597,17001,8890,12,3555
2020-11-17,Facebook,Discounts,True power,discounts,1261,270,17686,3791,5,1195
2020-11-18,Facebook,Discounts,True power,discounts,3330,177,4881,14615,5,3539
2020-11-18,Google,Discounts,True power,discounts,372,105,15958,12117,2,407
2020-11-19,Facebook,Discounts,True power,discounts,1083,330,12938,3255,8,1765
2020-11-20,Facebook,Discounts,True power,discounts,1684,344,18425,7947,1,1681
2020-11-20,Google,Discounts,True power,discounts,2433,235,1781,10475,6,2602
2020-11-21,Facebook,Discounts,True power,discounts,1819,631,10351,19369,8,1716
2020-11-21,Google,Discounts,True power,discounts,2137,447,5352,4128,6,3513
2020-11-22,Facebook,Discounts,True power,discounts,3646,263,9922,10012,9,4865
2020-11-23,Facebook,Discounts,True power,discounts,1456,116,14090,11138,3,2021
2020-11-23,Google,Discounts,True power,discounts,2762,47,4664,10765,7,4419
2020-11-24,Facebook,Discounts,True power,discounts,3700,268,5152,8025,5,4029
2020-11-24,Google,Discounts,True power,discounts,2402,155,3471,4087,0,2432
2020-11-25,Facebook,Discounts,True power,discounts,3995,212,2625,8001,3,3586
2020-11-25,Google,Discounts,True power,discounts,398,316,4676,8490,3,271
2020-11-26,Facebook,Discounts,True power,discounts,1423,185,8790,4867,7,1711
2020-11-27,Facebook,Discounts,True power,discounts,771,128,9211,2671,3,1055
2020-11-27,Google,Discounts,True power,discounts,1827,208,9779,3874,6,2800
2020-11-28,Facebook,Discounts,True power,discounts,854,155,3481,1045,2,1141
2020-11-28,Google,Discounts,True power,discounts,422,129,3829,1779,0,523
2020-11-29,Facebook,Discounts,True power,discounts,1366,184,5570,16550,8,1762
2020-11-29,Google,Discounts,True power,discounts,618,241,2784,6078,5,557
2020-11-30,Facebook,Discounts,True power,discounts,3984,320,17746,3856,7,6794
2020-12-01,Facebook,Discounts,True power,discounts,879,463,17468,7304,7,1354
2020-12-02,Facebook,Discounts,True power,discounts,2227,386,8252,9634,1,3027
2020-12-03,Facebook,Discounts,True power,discounts,4056,410,2575,10910,2,3266
2020-12-03,Google,Discounts,True power,discounts,3214,328,4307,4263,1,2318
2020-12-04,Facebook,Discounts,True power,discounts,2730,250,3037,3148,2,2307
2020-12-04,Google,Discounts,True power,discounts,616,97,4891,13212,5,691
2020-12-05,Facebook,Discounts,True power,discounts,2812,104,2351,8088,5,4528
2020-12-05,Google,Discounts,True power,discounts,1622,250,2218,8158,5,2501
2020-12-06,Facebook,Discounts,True power,discounts,4271,220,18728,7243,8,7228
2020-12-06,Google,Discounts,True power,discounts,2225,289,12710,1560,8,1704
2020-12-07,Facebook,Discounts,True power,discounts,3729,162,17289,16527,6,6076
2020-12-08,Facebook,Discounts,True power,discounts,3716,280,5474,5001,0,5495
2020-12-08,Google,Discounts,True power,discounts,936,102,4753,3106,4,965
2020-12-09,Facebook,Discounts,True power,discounts,2565,68,4642,9670,3,4245
2020-12-09,Google,Discounts,True power,discounts,2493,209,5377,3442,3,3896
2020-12-10,Facebook,Discounts,True power,discounts,2552,121,8250,7111,6,2425
2020-12-10,Google,Discounts,True power,discounts,678,29,7192,9742,1,977
2020-12-11,Google,Discounts,True power,discounts,2839,174,5284,7259,1,3105
2020-12-12,Facebook,Discounts,True power,discounts,3633,210,9420,2082,3,4183
2020-12-12,Google,Discounts,True power,discounts,1693,31,9043,3509,0,1500
2020-12-13,Facebook,Discounts,True power,discounts,2503,223,8037,10953,5,2872
2020-12-13,Google,Discounts,True power,discounts,2284,198,5596,9777,1,3301
2020-12-14,Facebook,Discounts,True power,discounts,1598,142,11581,10053,3,1589
2020-12-15,Facebook,Discounts,True power,discounts,3150,100,9275,5469,1,3690
2020-12-15,Google,Discounts,True power,discounts,2069,106,1574,3645,1,2874
2020-12-16,Facebook,Discounts,True power,discounts,3203,169,9037,5686,4,2456
2020-12-16,Google,Discounts,True power,discounts,2226,248,1695,2875,0,2653
2020-12-17,Facebook,Discounts,True power,discounts,2739,158,11930,11208,2,2754
2020-12-17,Google,Discounts,True power,discounts,1002,198,1800,9206,0,1065
2020-12-18,Facebook,Discounts,True power,discounts,1116,233,11041,6597,2,1528
2020-12-18,Google,Discounts,True power,discounts,2355,163,8704,8927,1,2744
2020-12-19,Facebook,Discounts,True power,discounts,726,340,10078,2905,8,1244
2020-12-19,Google,Discounts,True power,discounts,884,207,11212,8531,6,581
2020-12-20,Facebook,Discounts,True power,discounts,1731,277,2370,7010,4,1712
2020-12-20,Google,Discounts,True power,discounts,3383,319,5482,4626,1,3513
2020-12-21,Facebook,Discounts,True power,discounts,2307,223,10143,9926,1,3150
2020-12-21,Google,Discounts,True power,discounts,3253,106,8603,10721,4,2578
2020-12-22,Facebook,Discounts,True power,discounts,2511,314,5155,10250,4,2752
2020-12-22,Google,Discounts,True power,discounts,1211,234,3317,9646,8,1835
2020-12-23,Google,Discounts,True power,discounts,548,62,5361,1452,3,625
2020-12-24,Google,Discounts,True power,discounts,1904,143,3597,9038,5,2773
2020-12-25,Facebook,Brand,Improved,recognition,1099,6,5520,8223,0,1691
2020-12-25,Google,Discounts,True power,discounts,2049,57,3884,5679,5,3297
2020-12-26,Facebook,Brand,Improved,recognition,1068,3,5274,6693,0,1692
2020-12-26,Facebook,Brand,Travel,recognition,432,2,4870,3822,0,401
2020-12-26,Facebook,Brand,Reach 2,recognition,264,14,14034,11218,1,462
2020-12-26,Facebook,Discounts,True power,discounts,4014,370,3840,4237,8,6140
2020-12-26,Google,Brand,Travel,recognition,420,2,6200,3061,0,325
2020-12-26,Google,Brand,Improved,recognition,1098,3,754,6248,0,1112
2020-12-26,Google,Discounts,True power,discounts,834,249,12062,1405,2,1327
2020-12-27,Facebook,Brand,Travel,recognition,406,9,1683,2615,0,431
2020-12-27,Facebook,Brand,Reach 2,recognition,826,21,17365,53244,0,881
2020-12-27,Facebook,Brand,Improved,recognition,717,0,6236,4700,0,1157
2020-12-27,Facebook,Discounts,True power,discounts,3422,514,7751,3576,1,5162
2020-12-27,Google,Brand,Improved,recognition,1108,0,4692,2820,0,1147
2020-12-27,Google,Brand,Travel,recognition,419,6,7601,892,0,654
2020-12-27,Google,Discounts,True power,discounts,1358,261,3219,7243,7,1723
2020-12-28,Facebook,Brand,Travel,recognition,1,0,18,35,0,1
2020-12-28,Facebook,Brand,Reach 2,recognition,1487,10,27387,25160,0,2280
2020-12-28,Facebook,Brand,Improved,recognition,1296,0,1717,3835,0,1390
2020-12-28,Facebook,Discounts,True power,discounts,1441,80,9424,11915,6,2463
2020-12-28,Google,Brand,Travel,recognition,3,0,37,45,0,5
2020-12-28,Google,Discounts,True power,discounts,2461,75,3791,3601,4,3204
2020-12-29,Facebook,Brand,Improved,recognition,321,0,634,2798,0,280
2020-12-29,Facebook,Brand,Reach 2,recognition,1019,8,12103,37619,0,835
2020-12-29,Facebook,Discounts,True power,discounts,3797,154,12620,5190,3,4479
2020-12-29,Google,Brand,Improved,recognition,374,0,921,1395,0,335
2020-12-30,Facebook,Brand,Reach 2,recognition,95,0,7030,1886,0,122
2020-12-30,Facebook,Brand,Improved,recognition,1510,3,820,2846,0,1818
2020-12-30,Google,Discounts,True power,discounts,2772,199,8853,3328,3,3923
2020-12-31,Facebook,Brand,Improved,recognition,1287,1,3263,1563,0,1707
2020-12-31,Facebook,Discounts,True power,discounts,0,0,0,0,0,0
2020-12-31,Google,Brand,Improved,recognition,1368,3,2690,453,0,1403
2021-01-01,Facebook,Brand,Improved,recognition,39,0,353,406,0,59
2021-01-01,Facebook,Discounts,True power,discounts,0,0,0,0,0,0
2021-01-01,Google,Brand,Improved,recognition,105,0,186,211,0,148
2021-01-02,Facebook,Discounts,True power,discounts,774,205,10709,4836,7,690
2021-01-02,Google,Discounts,True power,discounts,1929,531,5175,4514,9,1461
2021-01-03,Google,Discounts,True power,discounts,4211,785,12160,14148,1,5815
2021-01-04,Facebook,Discounts,True power,discounts,7006,1256,22440,11055,21,6847
2021-01-05,Facebook,Discounts,True power,discounts,8115,1379,60232,50117,20,6168
2021-01-06,Facebook,Brand,Improved,recognition,7,0,121,160,0,7
2021-01-06,Facebook,Discounts,True power,discounts,14270,431,65144,79991,19,14590
2021-01-06,Google,Brand,Improved,recognition,2,0,95,51,0,3
2021-01-07,Facebook,Brand,Improved,recognition,305,0,2742,1714,0,474
2021-01-07,Facebook,Discounts,True power,discounts,11637,1480,53143,64515,10,17820
2021-01-07,Google,Brand,Improved,recognition,336,0,991,594,0,507
2021-01-07,Google,Discounts,True power,discounts,6750,1526,83285,25063,29,6495
2021-01-08,Facebook,Brand,Improved,recognition,96,2,1064,1974,0,139
2021-01-08,Facebook,Discounts,True power,discounts,6101,2639,32489,56337,17,8364
2021-01-08,Google,Brand,Improved,recognition,226,0,671,2491,0,361
2021-01-09,Facebook,Discounts,True power,discounts,5363,708,47079,50994,30,4094
2021-01-10,Facebook,Discounts,True power,discounts,1680,679,15045,9633,6,1586
2021-01-10,Google,Discounts,True power,discounts,2707,765,3683,8074,6,4416
2021-01-11,Facebook,Discounts,True power,discounts,2846,650,18584,33606,0,3244
2021-01-12,Facebook,Brand,Improved,recognition,359,2,1062,1762,0,381
2021-01-12,Facebook,Discounts,True power,discounts,13311,1656,38693,30049,18,21600
2021-01-12,Google,Brand,Improved,recognition,297,4,1015,1375,0,473
2021-01-13,Facebook,Brand,Improved,recognition,189,1,2693,928,0,220
2021-01-13,Facebook,Discounts,True power,discounts,5097,1511,28028,46286,22,5221
2021-01-13,Google,Brand,Improved,recognition,282,1,2814,1053,0,271
2021-01-13,Google,Discounts,True power,discounts,10112,947,44611,57080,17,13833
2021-01-14,Facebook,Brand,Improved,recognition,72,0,1035,1005,0,76
2021-01-14,Google,Discounts,True power,discounts,3318,261,73978,27786,8,3570
2021-01-15,Facebook,Brand,Improved,recognition,234,0,3137,2795,0,365
2021-01-15,Facebook,Discounts,True power,discounts,7599,1180,49150,61206,9,13014
2021-01-16,Facebook,Brand,Improved,recognition,186,2,980,2038,0,281
2021-01-16,Facebook,Discounts,True power,discounts,12635,668,77416,61937,11,12104
2021-01-16,Google,Brand,Improved,recognition,50,1,2154,1774,0,57
2021-01-16,Google,Discounts,True power,discounts,3055,249,10579,67474,15,4486
2021-01-17,Facebook,Discounts,True power,discounts,3666,903,38189,31780,20,5809
2021-01-17,Google,Brand,Improved,recognition,41,0,728,1482,0,55
2021-01-17,Google,Discounts,True power,discounts,7553,377,14118,36040,11,11109
2021-01-18,Facebook,Brand,Improved,recognition,328,0,1597,861,0,360
2021-01-18,Facebook,Discounts,True power,discounts,2735,124,27331,21430,3,2602
2021-01-18,Google,Brand,Improved,recognition,58,0,1475,977,0,50
2021-01-18,Google,Discounts,True power,discounts,752,227,17788,9621,9,677
2021-01-19,Facebook,Brand,Improved,recognition,64,0,211,420,0,102
2021-01-19,Facebook,Discounts,True power,discounts,1120,186,6891,13421,2,1402
2021-01-19,Google,Brand,Improved,recognition,21,0,291,66,0,20
2021-01-20,Facebook,Brand,Improved,recognition,311,2,1319,441,0,371
2021-01-20,Facebook,Discounts,True power,discounts,1594,125,7279,6368,2,2648
2021-01-20,Google,Brand,Improved,recognition,142,1,811,1215,0,111
2021-01-20,Google,Discounts,True power,discounts,1267,179,8527,7018,4,1414
2021-01-21,Facebook,Brand,Improved,recognition,218,0,1483,1209,0,287
2021-01-21,Facebook,Discounts,True power,discounts,1548,202,4956,10440,5,2510
2021-01-21,Google,Discounts,True power,discounts,1791,69,9879,9560,3,1522
2021-01-22,Facebook,Brand,Improved,recognition,136,0,3088,1572,0,215
2021-01-22,Facebook,Discounts,True power,discounts,2078,220,5850,10696,3,3386
2021-01-22,Google,Brand,Improved,recognition,58,0,684,493,0,45
2021-01-22,Google,Discounts,True power,discounts,1755,199,1661,3526,4,1415
2021-01-23,Facebook,Discounts,True power,discounts,711,176,12488,6546,4,710
2021-01-23,Google,Brand,Improved,recognition,235,0,541,629,0,176
2021-01-24,Facebook,Brand,Improved,recognition,8,0,113,38,0,13
2021-01-24,Facebook,Discounts,True power,discounts,2177,178,9548,2546,4,2323
2021-01-24,Google,Brand,Improved,recognition,21,0,126,61,0,19
2021-01-24,Google,Discounts,True power,discounts,2295,173,2122,6227,5,2930
2021-01-25,Facebook,Discounts,True power,discounts,1413,180,7923,7487,3,2405
2021-01-25,Google,Discounts,True power,discounts,1278,222,1398,2173,2,1449
2021-01-26,Facebook,Brand,Research,бренд,144,3,6151,3968,0,136
2021-01-26,Facebook,Discounts,True power,discounts,1843,98,8760,5155,1,1534
2021-01-27,Facebook,Brand,Reach 2,recognition,168,1,7306,1499,0,210
2021-01-27,Facebook,Brand,Research,бренд,553,7,1722,4932,0,608
2021-01-27,Facebook,Discounts,True power,discounts,1878,116,4880,2741,2,1956
2021-01-28,Facebook,Brand,Research,бренд,109,3,2361,2235,0,110
2021-01-28,Facebook,Discounts,True power,discounts,2736,113,11447,3090,2,2850
2021-01-28,Google,Discounts,True power,discounts,394,103,7294,1118,3,484
2021-01-29,Facebook,Discounts,True power,discounts,996,144,8466,9716,1,1282
2021-01-30,Google,Discounts,True power,discounts,2077,96,3945,3919,4,3310
2021-01-31,Facebook,Discounts,True power,discounts,1278,95,6206,5319,1,1261
2021-01-31,Google,Discounts,True power,discounts,1269,56,4975,3145,1,1379
2021-02-01,Facebook,Discounts,True power,discounts,2800,130,10775,7184,2,2627
2021-02-01,Google,Discounts,True power,discounts,2096,42,5491,5994,2,2608
2021-02-02,Facebook,Discounts,True power,discounts,2869,97,1813,3645,0,3825
2021-02-02,Google,Discounts,True power,discounts,829,99,2051,2007,4,1129
2021-02-03,Facebook,Discounts,True power,discounts,735,107,1308,3370,2,1155
2021-02-03,Google,Discounts,True power,discounts,817,18,3434,1577,2,1049
2021-02-04,Facebook,Discounts,True power,discounts,708,48,3016,2199,4,947
2021-02-04,Google,Discounts,True power,discounts,2156,58,10329,6699,1,3050
2021-02-05,Facebook,Discounts,True power,discounts,1075,176,1784,10959,2,887
2021-02-05,Google,Discounts,True power,discounts,1286,183,9265,5596,2,1244
2021-02-06,Facebook,Discounts,True power,discounts,1226,242,5852,8336,2,1290
2021-02-06,Google,Discounts,True power,discounts,1544,60,9120,6791,3,1202
2021-02-07,Facebook,Discounts,True power,discounts,789,73,3931,7914,0,898
2021-02-08,Facebook,Discounts,True power,discounts,596,124,4919,2040,4,635
2021-02-08,Google,Discounts,True power,discounts,516,102,6553,4221,3,660
2021-02-09,Facebook,Discounts,True power,discounts,585,153,6840,7838,2,864
2021-02-09,Google,Discounts,True power,discounts,2156,39,5955,6173,5,2342
2021-02-10,Facebook,Discounts,True power,discounts,2410,110,6428,2361,1,3321
2021-02-10,Google,Discounts,True power,discounts,1947,109,5405,7525,2,2178
2021-02-11,Facebook,Discounts,True power,discounts,1053,66,6239,5164,1,1683
2021-02-12,Facebook,Discounts,True power,discounts,1432,110,3761,2545,3,2372
2021-02-12,Google,Discounts,True power,discounts,1570,21,3492,795,1,1603
2021-02-13,Facebook,Discounts,True power,discounts,2884,54,7366,7156,0,3243
2021-02-13,Google,Discounts,True power,discounts,799,101,4060,3098,3,677
2021-02-14,Facebook,Discounts,True power,discounts,2791,40,3591,6311,4,3363
2021-02-14,Google,Discounts,True power,discounts,1974,126,2776,7245,3,3246
2021-02-15,Facebook,Discounts,True power,discounts,2153,117,9526,9443,4,2416
2021-02-15,Google,Discounts,True power,discounts,1158,59,8654,8336,5,1501
2021-02-16,Facebook,Discounts,True power,discounts,2225,47,7960,1517,4,3175
2021-02-17,Facebook,Discounts,True power,discounts,639,109,9268,7875,2,585
2021-02-17,Google,Discounts,True power,discounts,1979,127,4594,3196,0,2036
2021-02-18,Facebook,Discounts,True power,discounts,1879,158,1704,1806,1,2575
2021-02-18,Google,Discounts,True power,discounts,2305,90,5823,3322,4,2010
2021-02-19,Facebook,Brand,Spotlight,бренд,82,4,17157,21826,0,130
2021-02-19,Facebook,Discounts,True power,discounts,2044,258,12933,11660,1,1841
2021-02-20,Facebook,Brand,Spotlight,бренд,162,6,16058,15804,0,222
2021-02-20,Facebook,Discounts,True power,discounts,4631,244,3653,5043,5,5763
2021-02-20,Google,Discounts,True power,discounts,3562,128,9250,12151,1,5614
2021-02-21,Facebook,Brand,Spotlight,бренд,168,8,3775,10172,0,142
2021-02-21,Facebook,Discounts,True power,discounts,3835,445,6287,5677,7,6298
2021-02-22,Facebook,Brand,Spotlight,бренд,184,0,3679,7337,0,169
2021-02-22,Facebook,Discounts,True power,discounts,5427,420,13680,21801,10,7128
2021-02-22,Google,Discounts,True power,discounts,5231,488,11383,7439,0,8090
2021-02-23,Facebook,Discounts,True power,discounts,3319,147,12352,4481,2,3434
2021-02-24,Facebook,Discounts,True power,discounts,5620,99,14526,13650,5,6609
2021-02-24,Google,Discounts,True power,discounts,1948,110,8640,6633,0,1332
2021-02-25,Facebook,Discounts,True power,discounts,3190,213,3030,8199,1,4706
2021-02-25,Google,Discounts,True power,discounts,1479,23,9576,9023,2,1710
2021-02-27,Facebook,Discounts,True power,discounts,0,0,0,0,0,0
2021-02-27,Google,Discounts,True power,discounts,0,0,0,0,0,0
2021-02-28,Facebook,Discounts,True power,discounts,0,0,0,0,0,0
2021-02-28,Google,Discounts,True power,discounts,0,0,0,0,0,0
2021-03-05,Facebook,Brand,Reach 2,recognition,749,5,27963,4709,0,1227
2021-03-06,Facebook,Brand,Reach 2,recognition,1025,6,7098,18519,0,1195
2021-03-07,Facebook,Brand,Reach 2,recognition,649,4,7067,14136,0,876
2021-03-09,Facebook,Brand,Reach 2,recognition,510,22,10350,24548,0,560
2021-03-10,Facebook,Brand,Reach 2,recognition,702,4,7257,4653,0,590
2021-03-11,Facebook,Brand,Reach 2,recognition,920,10,25174,11294,0,1219
2021-03-12,Facebook,Brand,Reach 2,recognition,832,1,15034,13549,0,872
2021-03-13,Facebook,Brand,Reach 2,recognition,81,0,3616,5366,0,138
2021-04-07,Facebook,Brand,Reach 4,recognition,71,3,1355,1280,0,104
2021-04-08,Facebook,Brand,Reach 3,recognition,569,6,1039,2713,0,911
2021-04-08,Facebook,Brand,Reach 4,recognition,326,10,3744,1847,0,298
2021-04-09,Facebook,Brand,Reach 4,recognition,86,0,2117,1545,0,127
2021-04-09,Facebook,Brand,Reach 3,recognition,322,3,4732,4555,0,473
2021-04-10,Facebook,Brand,Reach 4,recognition,211,6,1230,3155,0,171
2021-04-10,Facebook,Brand,Reach 3,recognition,270,5,1520,558,0,243
2021-04-14,Facebook,Electronics,Narrow,discounts,4333,619,65315,26964,7,6973
2021-04-14,Google,Electronics,Narrow,discounts,13935,348,29068,32250,10,10232
2021-04-15,Facebook,Electronics,Narrow,discounts,5443,507,24029,37158,10,5207
2021-04-15,Google,Electronics,Narrow,discounts,3288,424,39029,42201,7,2215
2021-04-16,Facebook,Electronics,Narrow,discounts,8602,379,24930,24315,7,6975
2021-04-16,Google,Electronics,Narrow,discounts,8969,395,26418,15987,2,13380
2021-04-17,Facebook,Electronics,Narrow,discounts,6244,146,30333,9279,1,6210
2021-04-18,Facebook,Electronics,Narrow,discounts,6705,336,48260,56003,3,8993
2021-04-18,Google,Electronics,Narrow,discounts,12835,380,35800,37535,6,8740
2021-04-19,Facebook,Electronics,Narrow,discounts,16880,252,58723,47325,6,26813
2021-04-19,Google,Electronics,Narrow,discounts,5962,427,47308,26299,2,5325
2021-04-20,Facebook,Electronics,Narrow,discounts,17115,522,60798,17491,2,14059
2021-04-20,Google,Electronics,Narrow,discounts,9720,450,13320,7425,0,10400
2021-04-21,Facebook,Electronics,Narrow,discounts,8331,371,29609,24493,5,12490
2021-04-21,Google,Electronics,Narrow,discounts,5284,447,36737,16729,7,3948
2021-04-22,Facebook,Electronics,Narrow,discounts,12584,435,37979,14110,2,16618
2021-04-22,Google,Electronics,Narrow,discounts,3037,403,4045,22306,1,4868
2021-04-23,Google,Electronics,Narrow,discounts,5111,65,26342,31821,2,3797
2021-04-24,Facebook,Electronics,Narrow,discounts,7372,120,42140,18776,6,6511
2021-04-24,Facebook,Promos,Parents,discounts,1139,68,8829,3956,1,1237
2021-04-25,Facebook,Electronics,Narrow,discounts,12020,64,33747,41282,2,17466
2021-04-25,Facebook,Promos,Parents,discounts,2043,135,3315,6646,0,4755
2021-04-25,Google,Promos,Parents,discounts,2933,48,8121,6748,2,4221
2021-04-26,Facebook,Electronics,Narrow,discounts,16996,100,51159,29680,0,27851
2021-04-26,Facebook,Promos,Parents,discounts,2327,18,15496,4822,1,3003
2021-04-26,Google,Electronics,Narrow,discounts,5155,242,24984,20334,9,5779
2021-04-26,Google,Promos,Parents,discounts,616,47,6324,10812,1,756
2021-04-27,Facebook,Promos,Parents,discounts,1307,18,4808,9733,1,2917
2021-04-27,Google,Electronics,Narrow,discounts,9524,264,12684,29647,4,9655
2021-04-28,Facebook,Promos,Parents,discounts,1742,56,6041,3421,1,1853
2021-04-28,Google,Electronics,Narrow,discounts,5422,59,42275,5693,2,4154
2021-04-29,Facebook,Promos,Parents,discounts,446,28,8664,7638,1,590
2021-04-29,Google,Promos,Parents,discounts,1834,39,4658,5910,1,1801
2021-04-30,Facebook,Electronics,Narrow,discounts,3496,257,49608,9966,2,4105
2021-04-30,Facebook,Promos,Parents,discounts,2006,31,9090,7790,0,4588
2021-04-30,Google,Promos,Parents,discounts,973,21,12451,2857,1,1265
2021-05-01,Facebook,Electronics,Narrow,discounts,8269,253,22655,40444,0,11305
2021-05-01,Facebook,Promos,Parents,discounts,1985,51,9767,10211,1,4233
2021-05-01,Google,Electronics,Narrow,discounts,8618,119,53355,42226,5,10548
2021-05-02,Facebook,Electronics,Narrow,discounts,3104,289,69902,38153,4,3070
2021-05-02,Google,Electronics,Narrow,discounts,14829,194,13369,27461,8,23858
2021-05-02,Google,Promos,Parents,discounts,1894,49,7099,1097,0,2937
2021-05-03,Facebook,Electronics,Narrow,discounts,11782,230,74494,44862,1,19255
2021-05-03,Facebook,Promos,Parents,discounts,474,63,11315,3827,1,929
2021-05-03,Google,Electronics,Narrow,discounts,1814,444,44455,16984,1,1833
2021-05-03,Google,Promos,Parents,discounts,1155,91,5737,4508,0,795
2021-05-04,Facebook,Electronics,Narrow,discounts,13898,491,17095,38104,2,14815
2021-05-04,Google,Electronics,Narrow,discounts,3604,130,35246,11657,4,4209
2021-05-05,Facebook,Electronics,Narrow,discounts,6610,211,31588,26187,1,9346
2021-05-05,Facebook,Promos,Parents,discounts,723,37,2792,11984,1,906
2021-05-05,Google,Electronics,Narrow,discounts,5553,125,62226,40817,1,8318
2021-05-06,Facebook,Electronics,Narrow,discounts,8864,78,48172,22421,9,14437
2021-05-06,Google,Electronics,Narrow,discounts,6946,103,39675,33004,3,6426
2021-05-06,Google,Promos,Parents,discounts,2396,34,2182,6064,1,2133
2021-05-07,Facebook,Electronics,Narrow,discounts,12384,412,53440,19655,3,13326
2021-05-07,Facebook,Promos,Parents,discounts,1143,69,11992,8810,1,2481
2021-05-07,Google,Electronics,Narrow,discounts,6218,124,50408,18231,6,4058
2021-05-07,Google,Promos,Parents,discounts,910,15,12432,2154,1,1442
2021-05-08,Facebook,Electronics,Narrow,discounts,17684,356,63243,40366,7,23943
2021-05-08,Facebook,Promos,Parents,discounts,1539,36,6175,13844,1,2224
2021-05-08,Google,Electronics,Narrow,discounts,4625,172,23553,8344,3,6632
2021-05-08,Google,Promos,Parents,discounts,2494,65,9121,6052,1,3872
2021-05-09,Facebook,Electronics,Narrow,discounts,7983,138,42770,33905,3,13366
2021-05-09,Facebook,Promos,Parents,discounts,2264,33,10717,11166,1,3698
2021-05-09,Google,Promos,Parents,discounts,1640,53,7187,9522,0,1217
2021-05-10,Facebook,Electronics,Narrow,discounts,13986,323,29230,25881,4,14845
2021-05-10,Facebook,Promos,Parents,discounts,2381,26,6669,4178,2,3796
2021-05-10,Google,Electronics,Narrow,discounts,3319,83,49431,8680,7,5057
2021-05-10,Google,Promos,Parents,discounts,2404,34,3057,3124,2,3656
2021-05-11,Facebook,Electronics,Narrow,discounts,8447,97,51489,27212,4,8448
2021-05-11,Facebook,Promos,Parents,discounts,1526,61,5442,3219,1,3129
2021-05-11,Google,Electronics,Narrow,discounts,4389,271,6261,12566,6,4003
2021-05-12,Facebook,Electronics,Narrow,discounts,16978,157,36296,13179,9,15421
2021-05-12,Facebook,New items,Development,,1371,26,2506,4958,0,1549
2021-05-12,Facebook,Promos,Parents,discounts,2322,51,11419,3914,0,3203
2021-05-12,Google,Electronics,Narrow,discounts,13610,372,27227,42442,3,12730
2021-05-12,Google,New items,Development,,554,84,2227,2736,2,385
2021-05-12,Google,Promos,Parents,discounts,1521,33,6100,7284,0,2109
2021-05-13,Facebook,Electronics,Narrow,discounts,14539,289,14178,27961,2,20553
2021-05-13,Facebook,New items,Development,,572,133,12187,11233,3,889
2021-05-13,Facebook,Promos,Parents,discounts,720,82,11236,5292,1,1310
2021-05-13,Google,New items,Development,,2360,108,3918,5813,0,1853
2021-05-13,Google,Promos,Parents,discounts,1705,26,6801,6200,2,1540
2021-05-14,Facebook,Electronics,Narrow,discounts,8283,241,49061,9751,3,6294
2021-05-14,Facebook,Lookalike,Broad new,you_might_like,2573,77,6934,14329,2,2229
2021-05-14,Facebook,Lookalike,Broad,you_might_like,7195,353,15409,14542,7,11408
2021-05-14,Facebook,New items,Development,,972,70,3973,6806,3,1476
2021-05-14,Facebook,Promos,Parents,discounts,2044,52,3982,10648,1,4704
2021-05-15,Facebook,Electronics,Narrow,discounts,937,43,7384,6809,0,963
2021-05-15,Facebook,Lookalike,Broad new,you_might_like,1098,13,892,515,1,1082
2021-05-15,Facebook,Lookalike,Broad,you_might_like,10380,206,8024,18761,10,15299
2021-05-15,Facebook,Promos,Parents,discounts,2284,41,10127,4653,0,3394
2021-05-15,Google,Promos,Parents,discounts,1670,59,7374,8499,2,2626
2021-05-16,Facebook,Lookalike,Broad,you_might_like,13350,741,57090,24060,8,19085
2021-05-16,Facebook,Lookalike,Broad new,you_might_like,891,20,3125,1527,1,1098
2021-05-16,Facebook,New items,Development,,2344,223,7986,12367,0,2958
2021-05-16,Facebook,Promos,Parents,discounts,1779,81,10720,12319,1,3663
2021-05-16,Google,New items,Development,,2635,257,6393,8389,4,1892
2021-05-16,Google,Promos,Parents,discounts,1359,71,11602,6059,0,1722
2021-05-17,Facebook,Electronics,Narrow,discounts,1546,30,3529,9380,1,2089
2021-05-17,Facebook,Lookalike,Broad new,you_might_like,1864,79,4388,2503,3,2482
2021-05-17,Facebook,Lookalike,Broad,you_might_like,12972,668,58320,85830,24,12902
2021-05-17,Facebook,New items,Development,,4047,194,18038,11298,1,4684
2021-05-17,Facebook,Promos,Parents,discounts,1771,44,6396,13380,2,4041
2021-05-17,Google,Electronics,Narrow,discounts,517,20,7465,3748,0,820
2021-05-17,Google,New items,Development,,3654,26,5858,10950,2,4686
2021-05-17,Google,Promos,Parents,discounts,968,65,2856,6144,0,738
2021-05-18,Facebook,Electronics,Narrow,discounts,3219,60,6116,5998,1,3798
2021-05-18,Facebook,Lookalike,Broad new,you_might_like,1235,71,6326,1751,2,1945
2021-05-18,Facebook,Lookalike,Broad,you_might_like,24562,1308,82442,73707,5,31156
2021-05-18,Facebook,New items,Development,,1604,122,7497,7696,2,1633
2021-05-18,Google,Electronics,Narrow,discounts,836,48,6243,4899,1,1302
2021-05-19,Facebook,Electronics,Narrow,discounts,1730,50,10065,2471,1,2519
2021-05-19,Facebook,Lookalike,Broad,you_might_like,44079,1769,82030,62641,34,72548
2021-05-19,Facebook,Lookalike,Broad new,you_might_like,3736,110,9495,8845,2,4270
2021-05-19,Facebook,New items,Development,,2529,103,2884,8045,2,4240
2021-05-19,Facebook,Promos,Parents,discounts,1837,19,3838,2315,0,2133
2021-05-19,Google,New items,Development,,2068,42,8922,3092,1,2215
2021-05-19,Google,Promos,Parents,discounts,402,39,8784,4187,1,449
2021-05-20,Facebook,Electronics,Narrow,discounts,1484,68,3164,4509,2,1618
2021-05-20,Facebook,Lookalike,Broad,you_might_like,55657,3555,258934,73683,67,86550
2021-05-20,Facebook,New items,Development,,3376,50,10265,1820,1,4670
2021-05-20,Facebook,Promos,Parents,discounts,1064,63,3669,2459,2,2116
2021-05-20,Google,Electronics,Narrow,discounts,2503,28,2014,2222,0,2713
2021-05-20,Google,New items,Development,,2516,77,2222,9561,1,4146
2021-05-21,Facebook,Electronics,Narrow,discounts,774,43,3002,6037,1,893
2021-05-21,Facebook,Lookalike,Broad new,you_might_like,14863,189,23602,27771,10,18594
2021-05-21,Facebook,New items,Development,,589,36,6217,11337,1,716
2021-05-21,Facebook,Promos,Parents,discounts,715,23,8703,8504,1,753
2021-05-21,Google,Electronics,Narrow,discounts,2623,64,3655,5066,1,3100
2021-05-21,Google,New items,Development,,467,113,4924,5150,2,623
2021-05-21,Google,Promos,Parents,discounts,1187,31,4852,3541,0,1719
2021-05-22,Facebook,Electronics,Narrow,discounts,782,39,5198,7053,1,690
2021-05-22,Facebook,Lookalike,Broad,you_might_like,50590,5949,240553,441057,40,43959
2021-05-22,Facebook,New items,Development,,1733,61,8342,3135,3,2902
2021-05-22,Facebook,Promos,Parents,discounts,1807,47,2361,5112,0,3015
2021-05-22,Google,New items,Development,,1760,13,6878,5704,3,1185
2021-05-22,Google,Promos,Parents,discounts,2171,57,6878,1945,1,2072
2021-05-23,Facebook,Electronics,Narrow,discounts,3367,64,8193,11970,1,4389
2021-05-23,Facebook,Lookalike,Broad,you_might_like,62917,5873,363089,174971,41,75047
2021-05-23,Facebook,Lookalike,Broad new,you_might_like,11992,326,32332,7653,16,13388
2021-05-23,Facebook,New items,Development,,902,139,3322,7845,2,1007
2021-05-23,Google,Electronics,Narrow,discounts,1594,27,10716,5161,1,2472
2021-05-23,Google,New items,Development,,1369,57,10115,6479,1,1100
2021-05-23,Google,Promos,Parents,discounts,2060,52,7712,1972,2,1632
2021-05-24,Facebook,Electronics,Narrow,discounts,3041,48,8893,11182,1,4492
2021-05-24,Facebook,Lookalike,Broad new,you_might_like,14392,182,16209,34512,2,19693
2021-05-24,Facebook,New items,Development,,1150,168,11829,11821,4,1218
2021-05-24,Facebook,Promos,Parents,discounts,463,65,2821,8143,1,694
2021-05-24,Google,New items,Development,,588,53,5048,7871,4,672
2021-05-24,Google,Promos,Parents,discounts,1713,57,5886,11690,1,2189
2021-05-25,Facebook,Electronics,Narrow,discounts,2093,28,2746,4552,2,3364
2021-05-25,Facebook,Lookalike,Broad new,you_might_like,4299,370,11922,29173,10,6487
2021-05-25,Facebook,Lookalike,Broad,you_might_like,120462,1885,336748,276077,122,186128
2021-05-25,Facebook,New items,Development,,3490,265,13454,4168,6,3852
2021-05-25,Facebook,Promos,Parents,discounts,1385,31,3987,7056,1,3251
2021-05-25,Google,Electronics,Narrow,discounts,2597,29,6521,2762,0,1791
2021-05-25,Google,New items,Development,,1082,124,9237,9209,3,1709
2021-05-25,Google,Promos,Parents,discounts,1126,19,2237,6130,0,1776
2021-05-26,Facebook,Lookalike,Broad new,you_might_like,20035,256,18828,41948,1,19230
2021-05-26,Facebook,Lookalike,Broad,you_might_like,20438,1346,278525,205265,124,28580
2021-05-26,Facebook,Promos,Parents,discounts,1038,73,11022,7789,1,2030
2021-05-26,Google,Electronics,Narrow,discounts,2233,78,1140,7077,2,2107
2021-05-26,Google,New items,Development,,3966,61,12088,3245,5,2974
2021-05-26,Google,Promos,Parents,discounts,2987,15,4422,2753,1,3082
2021-05-27,Facebook,Electronics,Narrow,discounts,643,57,9326,4896,1,617
2021-05-27,Facebook,Lookalike,Broad new,you_might_like,5642,226,16169,31062,8,5698
2021-05-27,Facebook,New items,Development,,3635,51,9739,10731,3,3798
2021-05-27,Facebook,Promos,Parents,discounts,1157,145,5419,7691,2,1209
2021-05-27,Google,Electronics,Narrow,discounts,2145,33,4137,5141,1,2777
2021-05-27,Google,Promos,Parents,discounts,739,69,1755,7229,2,1138
2021-05-28,Facebook,Electronics,Narrow,discounts,3182,76,4498,4213,2,2666
2021-05-28,Facebook,Lookalike,Broad new,you_might_like,8524,62,12656,10388,2,8011
2021-05-28,Facebook,New items,Development,,3183,175,13055,14712,2,2800
2021-05-28,Facebook,Promos,Parents,discounts,718,37,9411,7726,1,1648
2021-05-28,Google,Electronics,Narrow,discounts,2529,52,4866,4292,0,2827
2021-05-28,Google,New items,Development,,2929,191,14414,6401,0,3474
2021-05-28,Google,Promos,Parents,discounts,1309,26,8096,7071,0,2054
2021-05-29,Facebook,Electronics,Narrow,discounts,1578,50,6617,6699,1,1545
2021-05-29,Facebook,Lookalike,Broad new,you_might_like,2178,247,16676,14139,2,3128
2021-05-29,Facebook,Lookalike,Broad,you_might_like,85392,810,316249,252057,23,147237
2021-05-29,Facebook,New items,Development,,3824,157,2933,9680,3,5515
2021-05-29,Facebook,Promos,Parents,discounts,802,28,5410,2253,0,1574
2021-05-29,Google,New items,Development,,3056,132,8650,6190,5,4832
2021-05-29,Google,Promos,Parents,discounts,992,23,6719,1364,1,1415
2021-05-30,Facebook,Electronics,Narrow,discounts,3343,69,3406,2543,1,4367
2021-05-30,Facebook,Lookalike,Broad,you_might_like,113474,3879,412283,147626,107,166935
2021-05-30,Facebook,Lookalike,Broad new,you_might_like,10111,614,44198,13809,5,12336
2021-05-30,Facebook,New items,Development,,4780,297,16320,11125,3,7810
2021-05-30,Facebook,Promos,Parents,discounts,2014,66,13066,5818,0,4059
2021-05-30,Google,Electronics,Narrow,discounts,861,52,9649,1385,1,926
2021-05-30,Google,New items,Development,,1930,44,6276,14215,1,1708
2021-05-30,Google,Promos,Parents,discounts,2838,73,8812,9377,2,2409
2021-05-31,Facebook,Electronics,Narrow,discounts,1515,99,8234,9864,2,1343
2021-05-31,Facebook,Lookalike,Broad new,you_might_like,11863,700,46965,55241,9,17646
2021-05-31,Facebook,Lookalike,Broad,you_might_like,34797,4779,349247,431840,95,38087
2021-05-31,Facebook,New items,Development,,2437,218,7527,3764,1,3199
2021-05-31,Google,Electronics,Narrow,discounts,378,59,6419,3442,0,343
2021-05-31,Google,New items,Development,,2170,61,5960,7238,5,2204
2021-05-31,Google,Promos,Parents,discounts,1661,106,2207,3419,2,1733
2021-06-01,Facebook,Brand,Reach 2,recognition,1167,4,5621,9359,0,1877
2021-06-01,Facebook,Electronics,Narrow,discounts,1291,49,11018,11076,2,1269
2021-06-01,Facebook,Lookalike,Broad new,you_might_like,25253,935,70366,10817,5,37154
2021-06-01,Facebook,New items,Development,,881,315,16019,14972,2,1346
2021-06-01,Google,Promos,Parents,discounts,1346,66,2186,12943,1,1199
2021-06-02,Facebook,Brand,Reach 2,recognition,289,2,10249,17312,0,380
2021-06-02,Facebook,Electronics,Narrow,discounts,1998,25,10097,5597,1,1865
2021-06-02,Facebook,Lookalike,Broad,you_might_like,53767,3507,269728,241105,22,58278
2021-06-02,Facebook,Lookalike,Broad new,you_might_like,23339,170,50106,39349,16,21374
2021-06-02,Facebook,New items,Development,,4343,139,16026,15587,2,6613
2021-06-02,Facebook,Promos,Parents,discounts,3427,200,11981,7769,1,5012
2021-06-02,Google,New items,Development,,3641,100,10281,2504,6,4108
2021-06-02,Google,Promos,Parents,discounts,2603,146,3954,15082,4,3613
2021-06-03,Facebook,Electronics,Narrow,discounts,1271,18,4978,6266,2,1972
2021-06-03,Facebook,Lookalike,Broad new,you_might_like,6995,95,37642,35633,9,6187
2021-06-03,Facebook,Lookalike,Broad,you_might_like,14619,468,186845,138761,46,24158
2021-06-03,Facebook,New items,Development,,2847,136,5439,3379,2,2434
2021-06-03,Facebook,Promos,Parents,discounts,1229,56,18060,14883,1,1525
2021-06-03,Google,Electronics,Narrow,discounts,644,80,4648,1915,2,619
2021-06-03,Google,New items,Development,,1892,265,10811,2273,1,2166
2021-06-03,Google,Promos,Parents,discounts,3530,57,3253,12827,1,4364
2021-06-04,Facebook,Electronics,Narrow,discounts,555,42,5910,6726,0,880
2021-06-04,Facebook,Lookalike,Broad,you_might_like,64752,1571,114513,183715,56,101946
2021-06-04,Facebook,Lookalike,Broad new,you_might_like,13847,219,26565,13671,8,23772
2021-06-04,Facebook,Promos,Parents,discounts,2014,54,14192,15168,0,3921
2021-06-04,Google,Electronics,Narrow,discounts,348,42,8395,8133,0,312
2021-06-04,Google,New items,Development,,2533,175,7616,5858,0,3793
2021-06-04,Google,Promos,Parents,discounts,3956,110,11149,15909,2,5697
2021-06-05,Facebook,Brand,Reach 2,recognition,303,6,26022,20613,0,502
2021-06-05,Facebook,Electronics,Narrow,discounts,2551,32,4960,4793,0,2337
2021-06-05,Facebook,Lookalike,Broad new,you_might_like,15630,360,14652,30954,9,22149
2021-06-05,Facebook,Lookalike,Broad,you_might_like,23631,937,64736,99347,32,31335
2021-06-05,Facebook,New items,Development,,1287,168,6174,6088,0,1355
2021-06-05,Facebook,Promos,Parents,discounts,985,126,9599,13468,3,2020
2021-06-05,Google,Electronics,Narrow,discounts,1437,11,5463,1394,1,1617
2021-06-05,Google,Promos,Parents,discounts,3648,29,18849,16979,1,2799
2021-06-06,Facebook,Brand,Reach 2,recognition,1189,3,7320,25414,0,1884
2021-06-06,Facebook,Electronics,Narrow,discounts,3246,44,2159,4573,1,4844
2021-06-06,Facebook,Lookalike,Broad,you_might_like,15331,305,147252,116733,35,15470
2021-06-06,Facebook,New items,Development,,3105,174,6782,2577,4,5341
2021-06-06,Facebook,Promos,Parents,discounts,1846,95,13903,7424,0,3063
2021-06-06,Google,Electronics,Narrow,discounts,2285,45,8129,1323,0,2168
2021-06-06,Google,New items,Development,,789,178,2879,6656,1,1037
2021-06-06,Google,Promos,Parents,discounts,4704,125,16093,4624,1,3733
2021-06-07,Facebook,Brand,Reach 2,recognition,62,5,5179,1200,0,69
2021-06-07,Facebook,Electronics,Narrow,discounts,1847,75,2556,6586,1,2467
2021-06-07,Facebook,Lookalike,Broad,you_might_like,40043,1585,50713,42920,5,62999
2021-06-07,Facebook,Lookalike,Broad new,you_might_like,7377,81,3574,4101,0,5793
2021-06-07,Facebook,New items,Development,,1755,109,14620,11447,2,2580
2021-06-07,Facebook,Promos,Parents,discounts,2088,191,4803,22053,0,4667
2021-06-07,Google,Electronics,Narrow,discounts,1891,77,4706,5751,1,1784
2021-06-08,Facebook,Brand,Reach 2,recognition,710,1,18363,6860,0,998
2021-06-08,Facebook,Electronics,Narrow,discounts,2917,24,1798,9931,0,4293
2021-06-08,Facebook,Lookalike,Broad new,you_might_like,4580,152,9165,5619,5,4089
2021-06-08,Facebook,New items,Development,,2441,197,10234,5394,4,2517
2021-06-08,Facebook,New items,Presents,presents,533,36,2985,3160,0,697
2021-06-08,Facebook,Promos,Parents,discounts,1463,75,18685,8688,1,1871
2021-06-08,Google,Electronics,Narrow,discounts,444,16,8739,5895,1,641
2021-06-08,Google,Promos,Parents,discounts,5319,121,12539,8240,3,8678
2021-06-09,Facebook,Brand,Reach 2,recognition,1281,8,19204,18046,0,2051
2021-06-09,Facebook,Crazy discounts,Improvement,,868,22,8449,8396,0,1404
2021-06-09,Facebook,Electronics,Narrow,discounts,1390,72,3682,6556,1,1888
2021-06-09,Facebook,Lookalike,Broad new,you_might_like,3989,170,14017,8763,3,6506
2021-06-09,Facebook,Lookalike,Broad,you_might_like,43743,1475,132845,32622,23,60772
2021-06-09,Facebook,New items,Development,,2512,105,10877,5268,2,2948
2021-06-09,Facebook,Promos,Parents,discounts,729,77,4621,7364,0,1630
2021-06-09,Google,Crazy discounts,Improvement,,548,36,6342,4468,0,708
2021-06-09,Google,Electronics,Narrow,discounts,774,58,1177,2655,2,1134
2021-06-09,Google,New items,Development,,1093,220,9208,1473,0,1063
2021-06-09,Google,Promos,Parents,discounts,3137,102,11974,6280,1,3943
2021-06-10,Facebook,Brand,Reach 2,recognition,1167,1,20009,29811,0,1824
2021-06-10,Facebook,Crazy discounts,Improvement,,1081,227,8585,2563,4,1010
2021-06-10,Facebook,Electronics,Narrow,discounts,543,21,3429,9639,1,746
2021-06-10,Facebook,Lookalike,Broad,you_might_like,19358,488,52079,53427,5,32627
2021-06-10,Facebook,Lookalike,Broad new,you_might_like,890,191,3815,3360,4,742
2021-06-10,Facebook,New items,Development,,824,97,14128,13549,5,1271
2021-06-10,Facebook,New items,Presents,presents,726,104,3295,1313,1,1070
2021-06-10,Facebook,Promos,Parents,discounts,3682,91,17872,4361,0,8261
2021-06-10,Google,Crazy discounts,Improvement,,848,139,3613,4344,5,737
2021-06-10,Google,Electronics,Narrow,discounts,1642,72,8289,7394,2,2701
2021-06-10,Google,New items,Presents,presents,1056,122,2184,3112,2,1177
2021-06-10,Google,Promos,Parents,discounts,1598,103,14188,11359,1,1879
2021-06-11,Facebook,Brand,Reach 2,recognition,226,3,11641,10738,0,278
2021-06-11,Facebook,Crazy discounts,Improvement,,102,21,10480,1829,0,82
2021-06-11,Facebook,Electronics,Narrow,discounts,2328,84,7293,2007,0,3376
2021-06-11,Facebook,Lookalike,Broad new,you_might_like,7055,95,10701,13776,5,10158
2021-06-11,Facebook,Lookalike,Broad,you_might_like,37493,670,117699,52093,29,53751
2021-06-11,Facebook,New items,Presents,presents,2568,68,9048,5564,2,3776
2021-06-11,Facebook,New items,Development,,4484,66,15764,8242,1,6847
2021-06-11,Facebook,Promos,Parents,discounts,2665,124,10421,8187,2,4651
2021-06-11,Google,Crazy discounts,Improvement,,84,45,4621,7213,1,112
2021-06-11,Google,Electronics,Narrow,discounts,2941,40,5675,7469,1,3669
2021-06-11,Google,Promos,Parents,discounts,3930,67,14899,4290,0,5359
2021-06-12,Facebook,Brand,Reach 2,recognition,149,5,8688,10204,0,155
2021-06-12,Facebook,Crazy discounts,Improvement,,488,107,7807,14838,1,662
2021-06-12,Facebook,Electronics,Narrow,discounts,1114,71,3269,6774,0,1568
2021-06-12,Facebook,Lookalike,Broad,you_might_like,26544,402,79444,66578,20,20599
2021-06-12,Facebook,Lookalike,Broad new,you_might_like,2409,82,4156,18210,0,1853
2021-06-12,Facebook,New items,Development,,3331,170,10194,6971,0,3878
2021-06-12,Facebook,New items,Presents,presents,786,29,3440,3566,1,728
2021-06-12,Facebook,Promos,Parents,discounts,2154,20,4708,7608,3,2451
2021-06-12,Google,Crazy discounts,Improvement,,245,11,14479,13394,0,333
2021-06-12,Google,New items,Development,,4069,60,1820,6563,1,6306
2021-06-12,Google,Promos,Parents,discounts,2317,46,2072,10854,0,2846
2021-06-13,Facebook,Crazy discounts,Improvement,,1206,114,22025,5686,1,1532
2021-06-13,Facebook,Electronics,Narrow,discounts,2914,41,4670,1535,1,2368
2021-06-13,Facebook,Lookalike,Broad new,you_might_like,7781,273,3584,10382,4,9799
2021-06-13,Facebook,New items,Presents,presents,1877,61,7135,5833,1,3235
2021-06-13,Facebook,New items,Development,,3828,182,2385,8526,2,6135
2021-06-13,Facebook,Promos,Parents,discounts,1473,47,5307,8562,2,2296
2021-06-13,Google,Crazy discounts,Improvement,,1761,70,23692,22907,1,2470
2021-06-13,Google,New items,Development,,547,268,13296,9341,3,668
2021-06-14,Facebook,Crazy discounts,Improvement,,961,264,8386,4305,4,1197
2021-06-14,Facebook,Electronics,Narrow,discounts,684,47,7309,9026,0,968
2021-06-14,Facebook,Lookalike,Broad,you_might_like,14565,1055,103613,124378,18,21814
2021-06-14,Facebook,Lookalike,Broad new,you_might_like,4178,122,5502,7339,5,4130
2021-06-14,Facebook,New items,Development,,2297,69,10650,12341,5,2070
2021-06-14,Facebook,New items,Presents,presents,805,11,1712,1996,0,635
2021-06-14,Facebook,Promos,Parents,discounts,2320,156,18837,4577,0,2707
2021-06-14,Google,Crazy discounts,Improvement,,1616,199,6904,1125,2,2158
2021-06-14,Google,New items,Development,,3973,36,2915,5395,1,2926
2021-06-14,Google,Promos,Parents,discounts,2929,67,6994,2793,1,2306
2021-06-15,Facebook,Lookalike,Broad,you_might_like,22344,1252,46879,19376,31,35948
2021-06-15,Facebook,Lookalike,Broad new,you_might_like,1665,326,12259,7814,5,2093
2021-06-15,Facebook,New items,Development,,3444,92,14163,9401,4,5697
2021-06-15,Facebook,New items,Presents,presents,0,0,0,0,0,0
2021-06-15,Facebook,Promos,Parents,discounts,5851,134,22773,20906,4,8225
2021-06-15,Google,Crazy discounts,Improvement,,2058,72,8933,14524,6,3289
2021-06-15,Google,Electronics,Narrow,discounts,381,92,6700,1655,2,407
2021-06-15,Google,New items,Development,,1955,42,6945,4536,2,2610
2021-06-16,Facebook,Crazy discounts,Improvement,,1446,82,12042,8719,6,1909
2021-06-16,Facebook,Electronics,Narrow,discounts,3932,93,9058,5478,1,3971
2021-06-16,Facebook,Lookalike,Broad,you_might_like,25858,1135,36492,81027,9,22795
2021-06-16,Facebook,Lookalike,Broad new,you_might_like,1468,242,12590,9051,4,1769
2021-06-16,Facebook,New items,Development,,2709,50,6789,9524,6,2708
2021-06-16,Facebook,Promos,Parents,discounts,2509,216,27955,8694,0,4700
2021-06-16,Google,Crazy discounts,Improvement,,1181,240,8097,10451,2,1015
2021-06-16,Google,Electronics,Narrow,discounts,627,108,2297,4533,0,984
2021-06-16,Google,Promos,Parents,discounts,6258,59,7727,9135,3,6314
2021-06-17,Facebook,Crazy discounts,Improvement,,1244,106,2765,8203,3,1135
2021-06-17,Facebook,Electronics,Narrow,discounts,1039,28,8622,6431,1,1769
2021-06-17,Facebook,Lookalike,Broad new,you_might_like,1300,112,6003,8065,1,2116
2021-06-17,Facebook,Lookalike,Broad,you_might_like,11923,1165,50923,58475,0,10823
2021-06-17,Facebook,Promos,Parents,discounts,2136,220,13156,17464,0,3856
2021-06-17,Facebook,Wholesale,Starting up,,4242,97,6045,2323,0,5597
2021-06-17,Google,Crazy discounts,Improvement,,1600,63,7145,6928,5,2567
2021-06-17,Google,Electronics,Narrow,discounts,832,82,3269,4740,0,596
2021-06-17,Google,Promos,Parents,discounts,5533,213,25431,22358,1,6217
2021-06-17,Google,Wholesale,Starting up,startup,2752,18,2794,3227,0,4282
2021-06-18,Facebook,Crazy discounts,Improvement,,2430,68,12846,4695,6,2931
2021-06-18,Facebook,Electronics,Narrow,discounts,1068,42,5318,4635,1,1289
2021-06-18,Facebook,Lookalike,Broad,you_might_like,12522,1250,69526,37134,29,14285
2021-06-18,Facebook,Lookalike,Broad new,you_might_like,4590,153,11592,9165,1,8008
2021-06-18,Facebook,New items,Development,,1699,308,19051,5666,6,1743
2021-06-18,Facebook,Promos,Parents,discounts,1902,168,8148,3865,2,4089
2021-06-18,Facebook,Wholesale,Starting up,,7971,199,12836,13967,2,10293
2021-06-18,Google,New items,Development,,1070,148,18453,4088,1,734
2021-06-18,Google,Wholesale,Starting up,startup,4671,216,12901,6143,1,6693
2021-06-19,Facebook,Crazy discounts,Improvement,,1083,251,8790,15888,2,1545
2021-06-19,Facebook,Electronics,Narrow,discounts,1233,29,6808,7086,2,1329
2021-06-19,Facebook,Lookalike,Broad new,you_might_like,4757,96,7632,10693,4,5727
2021-06-19,Facebook,Lookalike,Broad,you_might_like,31420,972,138464,121116,19,54084
2021-06-19,Facebook,New items,Development,,1455,113,9548,13310,1,2303
2021-06-19,Facebook,Promos,Parents,discounts,1473,213,13207,5949,2,3466
2021-06-19,Facebook,Wholesale,Starting up,,8339,48,4644,7487,1,12688
2021-06-19,Google,Crazy discounts,Improvement,,1882,182,6458,1598,2,2679
2021-06-19,Google,New items,Development,,4107,54,4161,2411,4,4777
2021-06-19,Google,Promos,Parents,discounts,5924,22,17075,14467,4,9061
2021-06-19,Google,Wholesale,Starting up,startup,6088,176,7274,9916,0,8782
2021-06-20,Facebook,Crazy discounts,Improvement,,1085,302,6741,20015,1,876
2021-06-20,Facebook,Electronics,Narrow,discounts,3070,76,7820,4249,2,5229
2021-06-20,Facebook,Lookalike,Broad new,you_might_like,1329,142,14734,13740,1,1024
2021-06-20,Facebook,Lookalike,Broad,you_might_like,8263,676,95809,142256,22,9218
2021-06-20,Facebook,New items,Development,,2652,280,17979,17111,5,3987
2021-06-20,Facebook,Promos,Parents,discounts,1647,277,24796,9180,3,1789
2021-06-20,Facebook,Wholesale,Starting up,,6077,171,16724,7691,2,9657
2021-06-20,Google,Electronics,Narrow,discounts,1037,40,1680,3397,1,1584
2021-06-20,Google,Promos,Parents,discounts,5237,219,8865,10882,2,5456
2021-06-20,Google,Wholesale,Starting up,startup,1016,94,20068,21311,3,1430
2021-06-21,Facebook,Electronics,Narrow,discounts,2173,19,3232,5341,0,2341
2021-06-21,Facebook,Lookalike,Broad new,you_might_like,2893,75,8802,9842,3,3854
2021-06-21,Facebook,Lookalike,Broad,you_might_like,31521,1113,158655,68312,12,25936
2021-06-21,Facebook,New items,Development,,4903,347,6517,8972,1,5352
2021-06-21,Facebook,Wholesale,Starting up,,3109,52,4093,9361,2,4723
2021-06-21,Facebook,Wholesale,Interests,hobby,1441,33,6589,2990,1,1744
2021-06-21,Facebook,Wholesale,Wide,cheap,1207,4,784,1517,0,1627
2021-06-21,Google,Crazy discounts,Improvement,,325,54,5631,5963,5,296
2021-06-21,Google,Electronics,Narrow,discounts,3299,65,10965,2984,1,2321
2021-06-21,Google,New items,Development,,1858,274,10500,12496,6,1458
2021-06-21,Google,Promos,Parents,discounts,5453,193,5082,9170,0,7125
2021-06-21,Google,Wholesale,Interests,hobby,798,21,2477,4441,0,1000
2021-06-21,Google,Wholesale,Starting up,startup,999,69,5149,7834,2,840
2021-06-22,Facebook,Crazy discounts,Improvement,,2468,192,17665,18214,0,2199
2021-06-22,Facebook,Electronics,Narrow,discounts,1474,24,11321,11983,0,1574
2021-06-22,Facebook,Lookalike,Broad new,you_might_like,1762,29,8296,8178,3,2035
2021-06-22,Facebook,New items,Development,,3160,37,1982,5610,2,5309
2021-06-22,Facebook,Promos,Parents,discounts,3875,71,16144,11651,3,7462
2021-06-22,Facebook,Wholesale,Starting up,,20,0,27,34,0,32
2021-06-22,Facebook,Wholesale,Interests,hobby,5766,39,10700,18125,0,6629
2021-06-22,Facebook,Wholesale,Wide,cheap,102,4,752,273,0,92
2021-06-22,Google,Crazy discounts,Improvement,,2264,140,16516,6546,0,3061
2021-06-22,Google,Electronics,Narrow,discounts,600,41,2280,2566,0,665
2021-06-22,Google,New items,Development,,2601,105,2845,3835,3,2676
2021-06-22,Google,Promos,Parents,discounts,2491,88,20352,14315,4,3902
2021-06-22,Google,Wholesale,Wide,cheap,54,2,338,554,0,58
2021-06-22,Google,Wholesale,Starting up,startup,20,0,36,43,0,27
2021-06-22,Google,Wholesale,Interests,hobby,984,65,12482,8678,0,702
2021-06-23,Facebook,Brand,Reach 2,recognition,100,0,1023,1909,0,126
2021-06-23,Facebook,Crazy discounts,Improvement,,1268,163,14911,21281,7,1026
2021-06-23,Facebook,Electronics,Narrow,discounts,1983,101,8035,17715,1,1649
2021-06-23,Facebook,Lookalike,Broad new,you_might_like,2878,104,5400,10579,0,3317
2021-06-23,Facebook,New items,Development,,1958,53,9060,3069,2,3259
2021-06-23,Facebook,Promos,Parents,discounts,4442,153,14998,5473,1,8733
2021-06-23,Facebook,Wholesale,Starting up,,148,15,787,405,0,179
2021-06-23,Facebook,Wholesale,Wide,cheap,716,30,1242,1649,1,995
2021-06-23,Facebook,Wholesale,Interests,hobby,2425,43,3610,7467,3,2123
2021-06-23,Google,Electronics,Narrow,discounts,4078,30,12902,10344,2,4695
2021-06-23,Google,New items,Development,,1652,91,4351,2486,1,2265
2021-06-23,Google,Wholesale,Wide,cheap,1714,16,2117,845,1,1466
2021-06-23,Google,Wholesale,Interests,hobby,2904,54,3271,3622,4,4602
2021-06-24,Facebook,Brand,Reach 2,recognition,435,9,4508,11120,0,581
2021-06-24,Facebook,Crazy discounts,Improvement,,1130,282,17881,6971,2,991
2021-06-24,Facebook,Electronics,Narrow,discounts,3053,137,17991,17457,2,3978
2021-06-24,Facebook,Lookalike,Broad new,you_might_like,1807,105,3152,8534,2,2281
2021-06-24,Facebook,Lookalike,Broad,you_might_like,14103,1703,126434,68529,37,17017
2021-06-24,Facebook,New items,Development,,1869,52,9873,2425,2,2567
2021-06-24,Facebook,Promos,Parents,discounts,2806,155,22773,22321,1,5029
2021-06-24,Facebook,Wholesale,Starting up,,94,9,1058,352,0,95
2021-06-24,Facebook,Wholesale,Wide,cheap,2279,22,1414,2637,1,3428
2021-06-24,Facebook,Wholesale,Interests,hobby,1590,49,4329,3442,0,2389
2021-06-24,Google,Crazy discounts,Improvement,,1907,101,6216,4232,4,2509
2021-06-24,Google,Electronics,Narrow,discounts,4422,164,10277,2368,0,5335
2021-06-24,Google,New items,Development,,3128,28,3794,6071,1,3597
2021-06-24,Google,Wholesale,Interests,hobby,775,15,4296,1978,2,1272
2021-06-24,Google,Wholesale,Starting up,startup,45,7,772,911,0,57
2021-06-25,Facebook,Brand,Reach 2,recognition,215,3,11675,2278,0,365
2021-06-25,Facebook,Electronics,Narrow,discounts,3926,84,14720,17139,3,3653
2021-06-25,Facebook,Lookalike,Broad,you_might_like,46174,869,68190,92124,14,38198
2021-06-25,Facebook,Lookalike,Broad new,you_might_like,3220,74,6013,1676,1,3819
2021-06-25,Facebook,New items,Development,,2172,74,8390,11016,2,3113
2021-06-25,Facebook,Promos,Parents,discounts,1482,228,18405,10520,3,2769
2021-06-25,Facebook,Wholesale,Interests,hobby,5033,50,5199,7498,3,8474
2021-06-25,Facebook,Wholesale,Starting up,,254,9,694,1309,0,341
2021-06-25,Google,Crazy discounts,Improvement,,1662,126,19582,19114,0,1699
2021-06-25,Google,New items,Development,,965,170,6237,6083,2,821
2021-06-25,Google,Promos,Parents,discounts,2522,56,19733,10117,1,1895
2021-06-25,Google,Wholesale,Starting up,startup,106,5,1004,1347,0,112
2021-06-25,Google,Wholesale,Interests,hobby,2516,50,4105,5003,1,2845
2021-06-26,Facebook,Brand,Reach 2,recognition,439,8,8789,10948,0,439
2021-06-26,Facebook,Crazy discounts,Improvement,,2390,100,8505,16359,1,3797
2021-06-26,Facebook,Electronics,Narrow,discounts,4864,124,9270,14204,2,8350
2021-06-26,Facebook,Lookalike,Broad,you_might_like,25626,481,69684,88202,33,30933
2021-06-26,Facebook,Lookalike,Broad new,you_might_like,3133,58,6859,4566,1,5305
2021-06-26,Facebook,New items,Development,,3442,220,3855,10860,1,3150
2021-06-26,Facebook,Promos,Parents,discounts,5337,142,24310,14875,3,9158
2021-06-26,Facebook,Wholesale,Interests,hobby,5883,98,3168,3521,2,8390
2021-06-26,Facebook,Wholesale,Wide,cheap,106,1,74,79,0,152
2021-06-26,Google,Crazy discounts,Improvement,,442,216,17347,13629,1,297
2021-06-26,Google,Electronics,Narrow,discounts,1282,114,20204,16304,2,1093
2021-06-26,Google,New items,Development,,535,169,3665,1284,2,701
2021-06-26,Google,Promos,Parents,discounts,2758,127,16648,8831,0,3647
2021-06-26,Google,Wholesale,Wide,cheap,122,2,27,48,0,95
2021-06-26,Google,Wholesale,Interests,hobby,4318,51,9614,3218,2,6358
2021-06-26,Google,Wholesale,Starting up,startup,3,1,117,80,0,2
2021-06-27,Facebook,Brand,Reach 2,recognition,126,3,2665,5540,0,161
2021-06-27,Facebook,Crazy discounts,Improvement,,832,200,6086,15143,0,1174
2021-06-27,Facebook,Electronics,Narrow,discounts,4895,158,16395,9735,2,6999
2021-06-27,Facebook,Lookalike,Broad new,you_might_like,3739,82,3997,6245,1,2933
2021-06-27,Facebook,Lookalike,Broad,you_might_like,27542,1445,96579,116223,17,30481
2021-06-27,Facebook,New items,Development,,2009,63,11547,9048,2,2879
2021-06-27,Facebook,Promos,Parents,discounts,5632,57,24722,21818,4,8550
2021-06-27,Facebook,Wholesale,Interests,,8458,72,9484,4566,1,11220
2021-06-27,Facebook,Wholesale,Wide,cheap,185,1,49,125,0,257
2021-06-27,Facebook,Wholesale,Starting up,,4,0,13,12,0,5
2021-06-27,Google,Crazy discounts,Improvement,,2703,48,13606,9988,5,1820
2021-06-27,Google,New items,Development,,3220,155,3588,3085,3,5167
2021-06-27,Google,Promos,Parents,discounts,2531,151,2610,14690,3,4095
2021-06-27,Google,Wholesale,Interests,hobby,2523,81,3535,3554,4,2748
2021-06-27,Google,Wholesale,Wide,cheap,192,2,149,162,0,175
2021-06-28,Facebook,Brand,Reach 2,recognition,124,3,3782,4727,0,203
2021-06-28,Facebook,Crazy discounts,Improvement,,2708,150,7072,13414,0,2996
2021-06-28,Facebook,Electronics,Narrow,discounts,7167,198,12360,15598,2,12005
2021-06-28,Facebook,Lookalike,Broad new,you_might_like,4068,89,12774,7628,2,5995
2021-06-28,Facebook,Lookalike,Broad,you_might_like,15261,889,88540,87292,9,15453
2021-06-28,Facebook,New items,Development,,1954,138,7049,3451,0,3387
2021-06-28,Facebook,Promos,Parents,discounts,4023,134,5595,4091,1,9110
2021-06-28,Facebook,Wholesale,Wide,cheap,2169,28,1917,1837,0,2198
2021-06-28,Facebook,Wholesale,Interests,hobby,2829,41,4563,5816,1,3789
2021-06-28,Google,Crazy discounts,Improvement,,2612,147,2291,18396,4,2692
2021-06-28,Google,Electronics,Narrow,discounts,2468,195,10832,5089,0,3596
2021-06-28,Google,Promos,Parents,discounts,5744,20,18307,16518,0,7722
2021-06-28,Google,Wholesale,Starting up,startup,1,0,4,2,0,1
2021-06-28,Google,Wholesale,Wide,cheap,995,12,2483,1434,1,1535
2021-06-28,Google,Wholesale,Interests,hobby,3543,10,1887,6715,3,2517
2021-06-29,Facebook,Crazy discounts,Improvement,,1369,82,19900,6106,2,1829
2021-06-29,Facebook,Electronics,Narrow,discounts,6878,175,11929,22562,5,7636
2021-06-29,Facebook,Lookalike,Broad new,you_might_like,7654,136,8105,6804,5,7594
2021-06-29,Facebook,Lookalike,Broad,you_might_like,30787,1820,26299,33722,29,44196
2021-06-29,Facebook,New items,Development,,2422,205,10870,13005,1,3913
2021-06-29,Facebook,Promos,Parents,discounts,2091,77,25573,19007,1,2930
2021-06-29,Facebook,Wholesale,Wide,cheap,1998,18,860,2529,0,3266
2021-06-29,Facebook,Wholesale,Starting up,,0,0,3,6,0,0
2021-06-29,Facebook,Wholesale,Interests,hobby,2830,48,4766,5466,0,3044
2021-06-29,Google,New items,Development,,1291,177,2928,10995,2,1044
2021-06-29,Google,Wholesale,Wide,cheap,1183,10,1705,1017,1,1223
2021-06-29,Google,Wholesale,Starting up,startup,0,0,6,6,0,0
2021-06-29,Google,Wholesale,Interests,hobby,2016,40,1889,1933,2,2189
2021-06-30,Facebook,Crazy discounts,Improvement,,2671,77,4680,5935,3,2729
2021-06-30,Facebook,Electronics,Narrow,discounts,5452,175,10885,8011,1,8391
2021-06-30,Facebook,Lookalike,Broad,you_might_like,44388,1583,29185,68286,26,69906
2021-06-30,Facebook,Promos,Parents,discounts,5532,36,24712,10244,2,5968
2021-06-30,Facebook,Wholesale,Starting up,,0,0,0,1,0,0
2021-06-30,Facebook,Wholesale,Wide,cheap,373,12,843,1473,0,424
2021-06-30,Facebook,Wholesale,Interests,hobby,7180,73,5614,4518,1,6205
2021-06-30,Google,Crazy discounts,Improvement,,2414,25,13267,5345,4,2307
2021-06-30,Google,Electronics,Narrow,discounts,6826,106,10508,14800,1,10006
2021-06-30,Google,New items,Development,,4054,154,14051,10850,2,2998
2021-06-30,Google,Wholesale,Wide,cheap,657,2,918,716,0,950
2021-06-30,Google,Wholesale,Starting up,startup,0,0,1,1,0,0
2021-07-01,Facebook,Crazy discounts,Improvement,,1673,226,15442,14036,6,2438
2021-07-01,Facebook,Electronics,Narrow,discounts,10464,143,6533,29569,4,13084
2021-07-01,Facebook,Lookalike,Broad new,you_might_like,6668,118,8235,11226,3,5429
2021-07-01,Facebook,Lookalike,Broad,you_might_like,44481,1422,58699,105605,16,69836
2021-07-01,Facebook,New items,Development,,763,225,14784,6258,3,635
2021-07-01,Facebook,Wholesale,Wide,cheap,278,3,347,209,0,374
2021-07-01,Facebook,Wholesale,Interests,hobby,4950,103,6444,9705,3,7255
2021-07-01,Facebook,Wholesale,Starting up,,0,0,4,3,0,0
2021-07-01,Google,Crazy discounts,Improvement,,322,28,9522,17192,5,354
2021-07-01,Google,Electronics,Narrow,discounts,9675,224,20821,20623,4,10313
2021-07-01,Google,New items,Presents,presents,1237,33,3194,1993,0,1504
2021-07-01,Google,New items,Development,,1652,75,8134,8784,1,2281
2021-07-01,Google,Promos,Parents,discounts,1729,223,22873,2509,2,2090
2021-07-01,Google,Wholesale,Starting up,startup,0,0,11,7,0,0
2021-07-01,Google,Wholesale,Wide,cheap,99,2,560,469,0,134
2021-07-01,Google,Wholesale,Interests,hobby,3239,116,2179,3760,3,4305
2021-07-02,Facebook,Crazy discounts,Improvement,,722,48,24982,20721,5,1187
2021-07-02,Facebook,Electronics,Narrow,discounts,4239,165,28917,31845,5,3451
2021-07-02,Facebook,Lookalike,Broad new,you_might_like,3380,96,11281,4173,3,3577
2021-07-02,Facebook,Lookalike,Broad,you_might_like,41929,566,86195,38670,23,47859
2021-07-02,Facebook,New items,Development,,3327,87,7851,3378,1,4109
2021-07-02,Facebook,New items,Presents,presents,1011,65,2062,5199,0,1678
2021-07-02,Facebook,Promos,Parents,discounts,2978,283,11467,31932,2,4234
2021-07-02,Facebook,Wholesale,Wide,cheap,739,3,267,1376,1,884
2021-07-02,Facebook,Wholesale,Starting up,,2,0,9,24,0,2
2021-07-02,Facebook,Wholesale,Interests,hobby,3166,111,19353,11578,0,3010
2021-07-02,Google,Crazy discounts,Improvement,,2173,41,17347,13117,8,3449
2021-07-02,Google,Electronics,Narrow,discounts,8787,124,32694,20867,4,5854
2021-07-02,Google,New items,Development,,2567,63,6433,2880,2,3144
2021-07-02,Google,New items,Presents,presents,1256,60,3808,1663,1,1869
2021-07-02,Google,Promos,Parents,discounts,2959,184,28311,28363,2,3349
2021-07-02,Google,Wholesale,Wide,cheap,1241,8,1034,149,0,976
2021-07-02,Google,Wholesale,Starting up,startup,1,0,10,24,0,1
2021-07-03,Facebook,Crazy discounts,Improvement,,2834,242,11110,23200,1,3238
2021-07-03,Facebook,Electronics,Narrow,discounts,12375,337,18073,34352,2,13613
2021-07-03,Facebook,Lookalike,Broad,you_might_like,15319,1301,178315,133136,26,22069
2021-07-03,Facebook,Lookalike,Broad new,you_might_like,3468,87,11361,3070,2,5181
2021-07-03,Facebook,New items,Presents,presents,1341,35,4662,5451,1,1368
2021-07-03,Facebook,New items,Development,,1990,171,6229,9958,0,3178
2021-07-03,Facebook,Promos,Parents,discounts,2316,224,14213,20403,3,3406
2021-07-03,Facebook,Wholesale,Interests,hobby,10335,159,18760,9470,3,12124
2021-07-03,Facebook,Wholesale,Wide,cheap,1898,16,600,1847,1,2703
2021-07-03,Facebook,Wholesale,Starting up,,5,0,10,9,0,8
2021-07-03,Google,Crazy discounts,Improvement,,1013,147,7691,6376,6,911
2021-07-03,Google,Electronics,Narrow,discounts,11407,133,31924,14236,6,16191
2021-07-03,Google,New items,Presents,presents,846,80,2621,1117,2,1108
2021-07-03,Google,New items,Development,,2511,181,5071,1932,2,1892
2021-07-03,Google,Promos,Parents,discounts,4883,137,6381,22723,5,8007
2021-07-03,Google,Wholesale,Wide,cheap,514,34,1779,725,1,446
2021-07-03,Google,Wholesale,Interests,hobby,11340,76,20386,16010,1,8609
2021-07-03,Google,Wholesale,Starting up,startup,6,0,31,36,0,6
2021-07-04,Facebook,Crazy discounts,Improvement,,2651,229,15334,25602,4,2472
2021-07-04,Facebook,Lookalike,Broad new,you_might_like,1447,38,3187,5442,1,1856
2021-07-04,Facebook,Lookalike,Broad,you_might_like,12464,1920,45861,47942,35,13318
2021-07-04,Facebook,New items,Development,,3580,208,6255,12352,2,5125
2021-07-04,Facebook,New items,Presents,presents,335,44,4601,4278,1,537
2021-07-04,Facebook,Promos,Parents,discounts,2801,237,7131,36754,2,3850
2021-07-04,Facebook,Wholesale,Wide,cheap,4389,52,2219,2774,1,6824
2021-07-04,Facebook,Wholesale,Starting up,,14,1,41,26,0,11
2021-07-04,Google,Electronics,Narrow,discounts,9564,118,28149,34667,0,11536
2021-07-04,Google,New items,Development,,3663,168,3107,8575,2,4089
2021-07-04,Google,Wholesale,Wide,cheap,6278,19,5786,1072,2,7918
2021-07-04,Google,Wholesale,Interests,hobby,5807,93,7453,7687,1,4247
2021-07-05,Facebook,Crazy discounts,Improvement,,934,213,16785,8332,6,1628
2021-07-05,Facebook,Electronics,Narrow,discounts,11555,342,47259,29786,5,18621
2021-07-05,Facebook,Lookalike,Broad new,you_might_like,1007,53,8015,1309,1,969
2021-07-05,Facebook,Lookalike,Broad,you_might_like,25668,1162,154229,170665,39,20192
2021-07-05,Facebook,New items,Presents,presents,1688,21,6512,3972,1,2519
2021-07-05,Facebook,Promos,Parents,discounts,5847,243,17130,32340,4,13871
2021-07-05,Facebook,Wholesale,Starting up,,11,0,16,49,0,15
2021-07-05,Facebook,Wholesale,Wide,cheap,6902,34,3214,3939,0,5966
2021-07-05,Google,Crazy discounts,Improvement,,1528,192,7560,17889,6,1195
2021-07-05,Google,New items,Development,,1640,105,10372,5031,2,2105
2021-07-05,Google,New items,Presents,presents,1459,84,1853,1909,2,1839
2021-07-05,Google,Wholesale,Wide,cheap,1877,52,2584,3195,2,2584
2021-07-06,Facebook,Crazy discounts,Improvement,,1570,236,20701,8151,6,2605
2021-07-06,Facebook,Lookalike,Broad,you_might_like,24235,1180,81970,62821,8,30342
2021-07-06,Facebook,Lookalike,Broad new,you_might_like,2725,85,3948,7790,2,3192
2021-07-06,Facebook,New items,Presents,presents,1086,18,2175,5219,1,881
2021-07-06,Facebook,New items,Development,,2723,74,7560,4287,1,2758
2021-07-06,Facebook,Wholesale,Starting up,,2,0,10,20,0,2
2021-07-06,Facebook,Wholesale,Interests,hobby,2370,79,8150,9163,1,1989
2021-07-06,Facebook,Wholesale,Wide,cheap,8775,32,6787,6058,1,8790
2021-07-06,Google,Crazy discounts,Improvement,,940,86,17734,14807,1,726
2021-07-06,Google,Electronics,Narrow,discounts,4704,446,35468,22859,8,5984
2021-07-06,Google,New items,Presents,presents,995,80,3220,2666,0,1499
2021-07-06,Google,New items,Development,,925,28,9842,7639,0,1171
2021-07-06,Google,Wholesale,Wide,cheap,2591,35,6429,1264,1,3327
2021-07-06,Google,Wholesale,Interests,hobby,2808,36,7179,3379,3,4260
2021-07-07,Facebook,Crazy discounts,Improvement,,3123,153,25493,19781,0,2734
2021-07-07,Facebook,Electronics,Narrow,discounts,15844,210,21127,33148,10,12499
2021-07-07,Facebook,Lookalike,Broad,you_might_like,29464,1928,103211,153589,41,40700
2021-07-07,Facebook,New items,Development,,1069,82,9765,9580,4,1675
2021-07-07,Facebook,New items,Presents,presents,361,33,3972,6968,0,543
2021-07-07,Facebook,Promos,Parents,discounts,3956,34,15586,6265,0,8858
2021-07-07,Facebook,Wholesale,Interests,hobby,2410,130,21299,9601,1,2458
2021-07-07,Facebook,Wholesale,Wide,cheap,3473,22,2074,5090,1,4086
2021-07-07,Google,Crazy discounts,Improvement,,2388,44,4997,19752,2,3280
2021-07-07,Google,Electronics,Narrow,discounts,26210,65,42375,65990,8,28693
2021-07-07,Google,New items,Development,,1127,41,7506,9428,0,968
2021-07-07,Google,Wholesale,Wide,cheap,3354,23,861,4639,0,3458
2021-07-08,Facebook,Brand,Reach 2,recognition,482,5,6192,9572,0,475
2021-07-08,Facebook,Crazy discounts,Improvement,,2056,75,17050,6767,1,2046
2021-07-08,Facebook,Electronics,Narrow,discounts,4790,473,15941,65385,10,4333
2021-07-08,Facebook,Lookalike,Broad,you_might_like,14865,866,55124,81082,1,11896
2021-07-08,Facebook,Lookalike,Broad new,you_might_like,1354,64,2563,3030,2,1115
2021-07-08,Facebook,New items,Development,,1190,148,4415,6029,4,1540
2021-07-08,Facebook,Wholesale,Interests,hobby,6718,113,24596,15491,9,6363
2021-07-08,Facebook,Wholesale,Wide,cheap,1484,24,1953,5855,1,1506
2021-07-08,Google,Crazy discounts,Improvement,,2661,57,18998,5928,5,3785
2021-07-08,Google,Electronics,Narrow,discounts,22069,380,22624,16554,7,19276
2021-07-08,Google,New items,Development,,3742,75,5770,4716,3,2894
2021-07-08,Google,Promos,Parents,discounts,2889,19,15785,7723,3,3798
2021-07-08,Google,Wholesale,Wide,cheap,2722,24,4032,5036,0,2246
2021-07-08,Google,Wholesale,Interests,hobby,7447,242,16051,10489,7,10379
2021-07-09,Facebook,Brand,Reach 2,recognition,486,12,13684,14628,0,760
2021-07-09,Facebook,Crazy discounts,Improvement,,3339,121,14133,3652,4,5140
2021-07-09,Facebook,Electronics,Narrow,discounts,17469,510,60544,33746,5,18925
2021-07-09,Facebook,Lookalike,Broad new,you_might_like,5377,139,8796,12237,1,8101
2021-07-09,Facebook,Lookalike,Broad,you_might_like,12851,421,151281,88772,26,13106
2021-07-09,Facebook,New items,Development,,2922,61,12276,10355,1,3059
2021-07-09,Facebook,New items,Presents,presents,910,48,5908,1081,1,1276
2021-07-09,Facebook,Promos,Parents,discounts,2371,56,10037,20535,4,3533
2021-07-09,Facebook,Wholesale,Interests,hobby,8498,115,13492,19621,4,9581
2021-07-09,Facebook,Wholesale,Wide,cheap,3750,43,6757,1006,1,5666
2021-07-09,Google,Crazy discounts,Improvement,,3010,172,8947,7096,5,4241
2021-07-09,Google,Electronics,Narrow,discounts,24648,94,63016,53665,8,21338
2021-07-09,Google,New items,Presents,presents,357,27,4754,4473,0,409
2021-07-09,Google,New items,Development,,2797,59,10961,1259,2,2519
2021-07-09,Google,Promos,Parents,discounts,3059,103,9447,14124,3,4414
2021-07-09,Google,Wholesale,Interests,hobby,11445,206,21603,15105,5,7491
2021-07-09,Google,Wholesale,Wide,cheap,1224,26,5014,2442,1,1072
2021-07-10,Facebook,Crazy discounts,Improvement,,1936,149,10161,18294,4,3268
2021-07-10,Facebook,Electronics,Narrow,discounts,31183,402,22984,46903,5,43830
2021-07-10,Facebook,Lookalike,Broad new,you_might_like,2413,193,9017,15323,4,1895
2021-07-10,Facebook,New items,Presents,presents,1300,133,3549,4637,1,1536
2021-07-10,Facebook,New items,Development,,1316,217,10026,2852,2,2259
2021-07-10,Facebook,Promos,Parents,discounts,2160,46,15796,7418,2,2520
2021-07-10,Facebook,Wholesale,Interests,hobby,3930,135,12814,18130,2,5858
2021-07-10,Google,Crazy discounts,Improvement,,2224,68,18336,9672,4,3527
2021-07-10,Google,New items,Development,,1456,22,9613,4060,2,2247
2021-07-10,Google,New items,Presents,presents,1779,93,5251,2558,2,2771
2021-07-10,Google,Promos,Parents,discounts,7934,92,7595,16006,2,7932
2021-07-10,Google,Wholesale,Interests,hobby,3807,102,9431,12958,3,3508
2021-07-10,Google,Wholesale,Wide,cheap,7930,73,6221,6473,5,8247
2021-07-11,Facebook,Crazy discounts,Improvement,,3088,77,16177,18222,4,3367
2021-07-11,Facebook,Electronics,Narrow,discounts,3180,116,11137,4853,4,4482
2021-07-11,Facebook,Lookalike,Broad,you_might_like,7599,1522,44150,91381,20,7654
2021-07-11,Facebook,Lookalike,Broad new,you_might_like,2811,302,17251,4313,1,3248
2021-07-11,Facebook,New items,Development,,3848,96,12588,7746,2,2958
2021-07-11,Facebook,New items,Presents,presents,1293,116,2915,4827,1,1620
2021-07-11,Facebook,Promos,Parents,discounts,2171,26,6453,5084,1,4444
2021-07-11,Facebook,Wholesale,Wide,cheap,2531,113,14681,17179,3,3122
2021-07-11,Facebook,Wholesale,Interests,hobby,8592,177,10629,8762,6,6907
2021-07-11,Google,Crazy discounts,Improvement,,2475,47,2862,11663,2,2051
2021-07-11,Google,Electronics,Narrow,discounts,9326,210,22214,24603,5,7961
2021-07-11,Google,New items,Development,,1742,107,2302,5110,2,2138
2021-07-11,Google,New items,Presents,presents,1179,109,4710,2428,1,1275
2021-07-11,Google,Promos,Parents,discounts,1356,41,5387,5140,0,1381
2021-07-11,Google,Wholesale,Interests,hobby,11280,124,7534,19498,3,10894
2021-07-12,Facebook,Brand,Reach 2,recognition,151,0,2506,1993,0,230
2021-07-12,Facebook,Crazy discounts,Improvement,,634,71,5439,15876,4,981
2021-07-12,Facebook,Lookalike,Broad,you_might_like,26031,1410,125100,140016,14,43203
2021-07-12,Facebook,Lookalike,Broad new,you_might_like,8461,117,14063,12567,3,8328
2021-07-12,Facebook,New items,Presents,presents,653,34,3256,3050,0,929
2021-07-12,Facebook,Promos,Parents,discounts,4640,35,7716,18486,1,8790
2021-07-12,Facebook,Wholesale,Interests,hobby,16487,126,19825,30784,6,13683
2021-07-12,Facebook,Wholesale,Wide,cheap,6588,75,5773,2183,4,10619
2021-07-12,Google,Crazy discounts,Improvement,,2883,78,7619,6297,1,4129
2021-07-12,Google,Electronics,Narrow,discounts,6792,709,81527,31618,3,6741
2021-07-12,Google,New items,Presents,presents,696,11,2391,2496,0,850
2021-07-12,Google,New items,Development,,2875,42,4697,10757,1,2461
2021-07-12,Google,Promos,Parents,discounts,6668,62,21713,9748,4,6417
2021-07-12,Google,Wholesale,Wide,cheap,6125,93,2499,9031,2,6366
2021-07-13,Facebook,Crazy discounts,Improvement,,1751,161,14449,5714,6,2487
2021-07-13,Facebook,Electronics,Narrow,discounts,8074,773,25299,32998,1,7570
2021-07-13,Facebook,Lookalike,Broad,you_might_like,33427,722,77193,107535,4,35276
2021-07-13,Facebook,New items,Development,,3770,80,8788,9019,3,6467
2021-07-13,Facebook,New items,Presents,presents,1436,67,7360,1283,1,2062
2021-07-13,Facebook,Promos,Parents,discounts,6784,91,5927,15474,1,14026
2021-07-13,Facebook,Wholesale,Wide,cheap,3823,33,12838,10998,3,3268
2021-07-13,Facebook,Wholesale,Interests,hobby,10726,106,16945,10901,3,12060
2021-07-13,Google,Crazy discounts,Improvement,,1928,82,17543,17065,5,1684
2021-07-13,Google,New items,Development,,988,33,4261,1148,1,898
2021-07-13,Google,Wholesale,Wide,cheap,2098,41,10523,7422,2,1758
2021-07-13,Google,Wholesale,Interests,hobby,1431,85,14102,3116,2,1816
2021-07-14,Facebook,Crazy discounts,Improvement,,2019,127,14016,12695,2,1662
2021-07-14,Facebook,Electronics,Narrow,discounts,16247,964,64629,62069,13,15143
2021-07-14,Facebook,Lookalike,Broad,you_might_like,17293,427,84177,123812,17,19503
2021-07-14,Facebook,New items,Presents,presents,1149,30,4852,5967,1,1997
2021-07-14,Facebook,New items,Development,,1268,144,13806,5925,2,1891
2021-07-14,Facebook,Wholesale,Wide,cheap,6281,165,8794,10844,7,6899
2021-07-14,Facebook,Wholesale,Interests,hobby,1513,97,3339,7314,3,2169
2021-07-14,Google,New items,Development,,555,38,5529,10311,2,613
2021-07-14,Google,Promos,Parents,discounts,6770,114,15096,11503,2,10337
2021-07-14,Google,Wholesale,Interests,hobby,6773,69,8182,2747,2,9129
2021-07-14,Google,Wholesale,Wide,cheap,12158,40,6874,3033,2,19043
2021-07-15,Facebook,Crazy discounts,Improvement,,562,222,5510,13066,2,634
2021-07-15,Facebook,Electronics,Narrow,discounts,23543,610,28930,57011,11,25490
2021-07-15,Facebook,Lookalike,Broad new,you_might_like,2660,177,7091,11802,2,2149
2021-07-15,Facebook,Lookalike,Broad,you_might_like,19308,1343,30368,64130,17,19574
2021-07-15,Facebook,New items,Development,,4879,152,3568,5584,2,5210
2021-07-15,Facebook,New items,Presents,presents,1021,50,5370,2375,0,1753
2021-07-15,Facebook,Promos,Parents,discounts,6154,152,5228,13819,0,9656
2021-07-15,Facebook,Wholesale,Interests,hobby,10237,117,9402,20601,6,15148
2021-07-15,Facebook,Wholesale,Wide,cheap,4723,107,15693,5719,0,5377
2021-07-15,Google,Crazy discounts,Improvement,,1959,197,9384,21321,5,2747
2021-07-15,Google,Electronics,Narrow,discounts,15128,262,73380,33888,5,22417
2021-07-15,Google,Promos,Parents,discounts,6963,61,17446,15221,1,8165
2021-07-15,Google,Wholesale,Interests,hobby,10670,68,5551,13524,2,17407
2021-07-15,Google,Wholesale,Wide,cheap,4760,36,10141,13511,3,4172
2021-07-16,Facebook,Crazy discounts,Improvement,,1924,299,15074,18907,2,2346
2021-07-16,Facebook,Electronics,Narrow,discounts,35256,147,102035,62356,5,29146
2021-07-16,Facebook,Lookalike,Broad,you_might_like,11019,1091,77758,119183,8,16024
2021-07-16,Facebook,Lookalike,Broad new,you_might_like,5726,241,4983,5957,0,5800
2021-07-16,Facebook,New items,Presents,presents,612,11,2273,4625,1,730
2021-07-16,Facebook,New items,Development,,3517,96,6999,14059,4,4848
2021-07-16,Facebook,Promos,Parents,discounts,5446,181,6248,19021,0,8692
2021-07-16,Google,Crazy discounts,Improvement,,705,230,16821,23176,1,966
2021-07-16,Google,New items,Presents,presents,558,19,4326,1979,0,435
2021-07-16,Google,New items,Development,,1811,64,4099,12034,1,2302
2021-07-16,Google,Wholesale,Wide,cheap,4743,130,17865,4243,0,6344
2021-07-17,Facebook,Crazy discounts,Improvement,,3608,73,17498,25446,1,2740
2021-07-17,Facebook,Electronics,Narrow,discounts,7769,345,41392,51729,8,13562
2021-07-17,Facebook,Lookalike,Broad new,you_might_like,5433,205,2892,4674,3,9389
2021-07-17,Facebook,Lookalike,Broad,you_might_like,23370,850,96750,26238,26,22077
2021-07-17,Facebook,New items,Presents,presents,307,15,1391,671,0,488
2021-07-17,Facebook,New items,Development,,1449,143,3619,8554,3,1846
2021-07-17,Facebook,Promos,Parents,discounts,2027,162,6737,13264,2,3643
2021-07-17,Facebook,Wholesale,Wide,cheap,3508,49,25996,7803,6,5064
2021-07-17,Facebook,Wholesale,Interests,hobby,7180,31,18726,20647,3,7897
2021-07-17,Google,Crazy discounts,Improvement,,1958,294,9006,4690,8,2549
2021-07-17,Google,New items,Presents,presents,333,8,234,387,0,391
2021-07-17,Google,New items,Development,,3567,124,7649,12943,3,4605
2021-07-17,Google,Promos,Parents,discounts,5447,53,7437,7988,2,7322
2021-07-17,Google,Wholesale,Interests,hobby,4281,118,10650,13895,1,4106
2021-07-17,Google,Wholesale,Wide,cheap,8163,24,20715,22615,3,12275
2021-07-18,Facebook,Crazy discounts,Improvement,,1487,193,24994,10674,8,1785
2021-07-18,Facebook,Electronics,Narrow,discounts,27320,170,43755,37725,13,31146
2021-07-18,Facebook,Lookalike,Broad new,you_might_like,4647,141,18653,5722,2,5502
2021-07-18,Facebook,Lookalike,Broad,you_might_like,58824,860,175719,125013,38,52313
2021-07-18,Facebook,New items,Development,,6412,252,14044,13008,4,9390
2021-07-18,Facebook,Promos,Parents,discounts,3593,59,7982,13635,2,4938
2021-07-18,Facebook,Wholesale,Wide,cheap,12548,104,9606,12167,2,14396
2021-07-18,Facebook,Wholesale,Interests,hobby,5407,54,16147,5316,1,4252
2021-07-18,Google,Crazy discounts,Improvement,,1729,292,3483,3822,7,1181
2021-07-18,Google,Electronics,Narrow,discounts,12901,626,39121,85715,13,15365
2021-07-18,Google,New items,Development,,3768,71,15950,7970,1,4957
2021-07-18,Google,Promos,Parents,discounts,2696,44,12603,14888,3,3223
2021-07-18,Google,Wholesale,Interests,hobby,7986,66,9980,11771,1,10269
2021-07-19,Facebook,Crazy discounts,Improvement,,1175,166,13161,8150,1,1763
2021-07-19,Facebook,Electronics,Narrow,discounts,31532,472,57646,71608,9,44344
2021-07-19,Facebook,Lookalike,Broad,you_might_like,40964,1446,180421,62261,32,41897
2021-07-19,Facebook,Lookalike,Broad new,you_might_like,3355,45,9627,7551,2,3348
2021-07-19,Facebook,New items,Development,,2071,158,24955,17110,4,2949
2021-07-19,Facebook,Promos,Parents,discounts,5978,149,3688,5189,1,7826
2021-07-19,Facebook,Wholesale,Interests,hobby,6520,70,3533,16581,5,9584
2021-07-19,Facebook,Wholesale,Wide,cheap,12948,29,15443,14108,3,15652
2021-07-19,Google,Electronics,Narrow,discounts,10621,554,48662,51604,5,14424
2021-07-19,Google,New items,Development,,5138,190,10696,15838,7,7440
2021-07-19,Google,Promos,Parents,discounts,1978,34,20662,13979,0,1976
2021-07-19,Google,Wholesale,Interests,hobby,2604,55,13210,14223,3,4266
2021-07-19,Google,Wholesale,Wide,cheap,5019,40,19936,18399,3,4121
2021-07-20,Facebook,Crazy discounts,Improvement,,2068,103,24982,23473,4,1697
2021-07-20,Facebook,Electronics,Narrow,discounts,6087,798,119557,73557,10,6633
2021-07-20,Facebook,Lookalike,Broad new,you_might_like,1116,228,6113,2622,1,1266
2021-07-20,Facebook,Lookalike,Broad,you_might_like,40393,1057,158331,119882,54,51048
2021-07-20,Facebook,New items,Development,,7116,342,19429,11169,0,8230
2021-07-20,Facebook,Promos,Parents,discounts,1611,106,23946,21723,2,1835
2021-07-20,Facebook,Wholesale,Wide,cheap,10134,46,11493,15666,1,14457
2021-07-20,Facebook,Wholesale,Interests,hobby,3501,138,19165,18092,2,4587
2021-07-20,Google,Crazy discounts,Improvement,,1382,254,10360,12354,6,1298
2021-07-20,Google,Electronics,Narrow,discounts,19889,653,77189,19618,10,16984
2021-07-20,Google,New items,Development,,3159,164,18611,15314,2,3846
2021-07-20,Google,Promos,Parents,discounts,3818,50,9257,4021,0,5933
2021-07-20,Google,Wholesale,Wide,cheap,7258,30,15312,5436,5,7617
2021-07-21,Facebook,Crazy discounts,Improvement,,1366,249,4032,13851,2,1341
2021-07-21,Facebook,Electronics,Narrow,discounts,12315,516,29413,104043,12,14456
2021-07-21,Facebook,Lookalike,Broad,you_might_like,45925,2784,151035,200075,32,75271
2021-07-21,Facebook,Lookalike,Broad new,you_might_like,5390,149,14321,3375,4,7500
2021-07-21,Facebook,Promos,Parents,discounts,5917,64,17283,11193,1,13266
2021-07-21,Facebook,Wholesale,Interests,hobby,10725,113,19876,18161,2,11318
2021-07-21,Facebook,Wholesale,Wide,cheap,2598,26,8517,6702,1,4179
2021-07-21,Google,Crazy discounts,Improvement,,1550,53,10085,14735,7,1332
2021-07-21,Google,Electronics,Narrow,discounts,3811,655,15296,64845,9,3044
2021-07-21,Google,New items,Development,,5924,144,7678,10048,2,4197
2021-07-21,Google,Promos,Parents,discounts,5584,30,13095,5375,1,4204
2021-07-21,Google,Wholesale,Wide,cheap,1551,34,16152,16083,3,2190
2021-07-21,Google,Wholesale,Interests,hobby,8270,18,10281,16117,3,10533
2021-07-22,Facebook,Crazy discounts,Improvement,,1196,155,7535,13228,0,1724
2021-07-22,Facebook,Electronics,Narrow,discounts,24926,310,124048,32981,2,23358
2021-07-22,Facebook,Lookalike,Broad,you_might_like,34129,1722,123890,128107,50,40274
2021-07-22,Facebook,Lookalike,Broad new,you_might_like,3197,199,10039,15559,2,2717
2021-07-22,Facebook,New items,Development,,1367,272,9249,15316,1,1635
2021-07-22,Facebook,Promos,Parents,discounts,4799,120,3797,5237,3,7309
2021-07-22,Facebook,Wholesale,Interests,hobby,6675,169,4569,19972,4,9655
2021-07-22,Facebook,Wholesale,Wide,cheap,1924,93,6664,13130,3,2142
2021-07-22,Google,Promos,Parents,discounts,1977,69,5705,12837,1,1577
2021-07-22,Google,Wholesale,Wide,cheap,4999,62,8158,18158,1,6351
2021-07-22,Google,Wholesale,Interests,hobby,5577,130,24848,14821,4,4787
2021-07-23,Facebook,Crazy discounts,Improvement,,671,294,25988,8799,2,1087
2021-07-23,Facebook,Electronics,Narrow,discounts,31246,378,106354,49308,11,44729
2021-07-23,Facebook,Lookalike,Broad new,you_might_like,2948,211,6079,2266,4,3441
2021-07-23,Facebook,Lookalike,Broad,you_might_like,70626,1383,212263,134838,3,76959
2021-07-23,Facebook,New items,Development,,4110,267,20187,8987,4,4076
2021-07-23,Facebook,Promos,Parents,discounts,3677,165,15439,10789,2,6996
2021-07-23,Facebook,Wholesale,Wide,cheap,10882,87,25525,13780,2,9738
2021-07-23,Facebook,Wholesale,Interests,hobby,9548,95,6440,20636,3,13308
2021-07-23,Google,Crazy discounts,Improvement,,907,134,8346,5716,2,964
2021-07-23,Google,Electronics,Narrow,discounts,17467,330,55943,59874,5,27647
2021-07-23,Google,New items,Development,,4355,186,14687,9153,4,5612
2021-07-23,Google,Wholesale,Interests,hobby,3200,63,3998,22619,3,3920
2021-07-24,Facebook,Crazy discounts,Improvement,,873,88,27815,5777,1,1356
2021-07-24,Facebook,Electronics,Narrow,discounts,34395,728,31673,75106,8,57383
2021-07-24,Facebook,Lookalike,Broad new,you_might_like,1321,254,15397,6368,1,2124
2021-07-24,Facebook,Lookalike,Broad,you_might_like,54497,512,153367,247253,9,81684
2021-07-24,Facebook,New items,Development,,6078,239,20553,12818,3,9015
2021-07-24,Facebook,Promos,Parents,discounts,1201,130,23463,3567,1,2239
2021-07-24,Facebook,Wholesale,Wide,cheap,7480,124,17355,4925,1,9378
2021-07-24,Facebook,Wholesale,Interests,hobby,10352,35,25178,4821,5,17028
2021-07-24,Google,Crazy discounts,Improvement,,1665,312,20335,19227,6,1865
2021-07-24,Google,Electronics,Narrow,discounts,14525,551,33094,64572,8,10936
2021-07-24,Google,Wholesale,Wide,cheap,9283,36,13839,2397,4,7737
2021-07-25,Facebook,Crazy discounts,Improvement,,1965,197,15049,10404,5,2661
2021-07-25,Facebook,Electronics,Narrow,discounts,6744,545,97650,29808,1,10991
2021-07-25,Facebook,Lookalike,Broad,you_might_like,37055,2204,43544,198449,43,59515
2021-07-25,Facebook,Lookalike,Broad new,you_might_like,1482,36,3700,5055,1,1920
2021-07-25,Facebook,New items,Development,,7311,256,7299,9409,1,11130
2021-07-25,Facebook,Promos,Parents,discounts,3831,130,16337,8714,3,7242
2021-07-25,Facebook,Wholesale,Interests,hobby,6617,95,23098,9599,0,11148
2021-07-25,Facebook,Wholesale,Wide,cheap,10514,101,11178,6541,5,10012
2021-07-25,Google,Crazy discounts,Improvement,,1369,54,7755,2424,5,2235
2021-07-25,Google,Electronics,Narrow,discounts,25067,462,81436,73851,10,31309
2021-07-25,Google,New items,Development,,2328,190,15543,7004,4,1752
2021-07-26,Facebook,Crazy discounts,Improvement,,1615,119,11088,5605,6,1429
2021-07-26,Facebook,Electronics,Narrow,discounts,13942,468,62018,43052,5,17915
2021-07-26,Facebook,Lookalike,Broad new,you_might_like,2812,30,10877,4307,3,2305
2021-07-26,Facebook,Lookalike,Broad,you_might_like,21521,342,84220,37566,33,17642
2021-07-26,Facebook,Promos,Parents,discounts,3380,97,21674,9361,1,6244
2021-07-26,Facebook,Wholesale,Interests,hobby,7967,153,5925,13915,4,6537
2021-07-26,Facebook,Wholesale,Wide,cheap,1777,85,9680,4967,2,2892
2021-07-26,Google,Crazy discounts,Improvement,,2934,30,15829,16300,4,4163
2021-07-26,Google,New items,Development,,5998,176,4575,11311,2,4528
2021-07-26,Google,Promos,Parents,discounts,2098,88,9476,7428,1,2132
2021-07-26,Google,Wholesale,Wide,cheap,2296,59,12112,10866,3,3539
2021-07-27,Facebook,Crazy discounts,Improvement,,3121,264,6425,18325,2,2681
2021-07-27,Facebook,Electronics,Narrow,discounts,7866,157,95014,121574,5,7537
2021-07-27,Facebook,Lookalike,Broad new,you_might_like,4941,75,12652,13712,1,8604
2021-07-27,Facebook,Lookalike,Broad,you_might_like,44489,434,86197,89358,34,74211
2021-07-27,Facebook,New items,Development,,2684,340,9077,10492,5,2200
2021-07-27,Facebook,Promos,Parents,discounts,5041,161,20896,15116,2,7889
2021-07-27,Facebook,Wholesale,Interests,hobby,2745,103,7964,6523,4,4641
2021-07-27,Facebook,Wholesale,Wide,cheap,1776,36,7992,8259,1,3035
2021-07-27,Google,Crazy discounts,Improvement,,2343,131,10861,15482,1,2668
2021-07-27,Google,Electronics,Narrow,discounts,6797,197,82097,58744,14,7038
2021-07-27,Google,New items,Development,,5101,138,7527,2863,5,7968
2021-07-27,Google,Promos,Parents,discounts,7242,117,23576,14941,3,11135
2021-07-27,Google,Wholesale,Interests,hobby,8648,109,4674,5005,5,7126
2021-07-28,Facebook,Crazy discounts,Improvement,,2858,227,12238,17519,4,2645
2021-07-28,Facebook,Electronics,Narrow,discounts,25699,780,95050,84352,13,26478
2021-07-28,Facebook,Lookalike,Broad new,you_might_like,3149,105,14753,13880,0,4368
2021-07-28,Facebook,Lookalike,Broad,you_might_like,32881,1131,62145,132106,21,51180
2021-07-28,Facebook,New items,Development,,3331,434,6557,4999,7,4087
2021-07-28,Facebook,Promos,Parents,discounts,2739,54,5669,10752,3,6593
2021-07-28,Facebook,Wholesale,Interests,hobby,7413,110,17593,17256,3,12086
2021-07-28,Facebook,Wholesale,Wide,cheap,2498,46,11141,11679,0,3842
2021-07-28,Google,Crazy discounts,Improvement,,2658,61,9243,2533,2,3597
2021-07-28,Google,Electronics,Narrow,discounts,29119,160,88994,78952,5,19570
2021-07-28,Google,New items,Development,,5794,174,18475,13065,7,5217
2021-07-28,Google,Wholesale,Wide,cheap,5338,51,2785,3676,2,6131
2021-07-28,Google,Wholesale,Interests,hobby,3451,96,19365,19305,2,4065
2021-07-29,Facebook,Crazy discounts,Improvement,,1976,166,11999,18200,4,2645
2021-07-29,Facebook,Electronics,Narrow,discounts,25988,266,34908,50855,2,31856
2021-07-29,Facebook,Lookalike,Broad new,you_might_like,4292,62,4732,4229,3,3906
2021-07-29,Facebook,Lookalike,Broad,you_might_like,27989,705,127024,87997,11,30018
2021-07-29,Facebook,New items,Development,,2597,84,10931,5784,4,2547
2021-07-29,Facebook,Promos,Parents,discounts,4009,34,13349,10713,1,6536
2021-07-29,Facebook,Wholesale,Wide,cheap,6213,41,6399,12479,1,9051
2021-07-29,Facebook,Wholesale,Interests,hobby,4601,49,11279,7087,1,6122
2021-07-29,Google,Crazy discounts,Improvement,,1895,151,18703,14297,1,1294
2021-07-29,Google,Electronics,Narrow,discounts,17201,324,59838,9599,1,14485
2021-07-29,Google,New items,Development,,461,51,2627,7939,0,493
2021-07-29,Google,Promos,Parents,discounts,4158,147,14920,16909,0,4722
2021-07-30,Facebook,Electronics,Narrow,discounts,5775,173,43594,108498,14,6081
2021-07-30,Facebook,Lookalike,Broad,you_might_like,36739,380,89697,116004,24,37448
2021-07-30,Facebook,Lookalike,Broad new,you_might_like,1111,78,14881,12059,2,1513
2021-07-30,Facebook,New items,Development,,1193,231,2360,8370,2,947
2021-07-30,Facebook,Wholesale,Interests,hobby,5274,155,16461,9076,1,8271
2021-07-30,Facebook,Wholesale,Wide,cheap,1820,26,8898,7105,2,1966
2021-07-30,Google,Crazy discounts,Improvement,,853,102,6023,2467,6,761
2021-07-30,Google,Electronics,Narrow,discounts,26785,283,19665,17836,5,27070
2021-07-30,Google,Promos,Parents,discounts,1128,34,13848,17374,4,1531
2021-07-30,Google,Wholesale,Interests,hobby,2057,126,5126,2884,3,2824
2021-07-30,Google,Wholesale,Wide,cheap,2848,18,8809,1036,2,4109
2021-07-31,Facebook,Crazy discounts,Improvement,,2047,269,9815,15198,7,2007
2021-07-31,Facebook,Lookalike,Broad new,you_might_like,2691,176,14538,8288,1,4241
2021-07-31,Facebook,Lookalike,Broad,you_might_like,24950,1223,25751,122934,5,22109
2021-07-31,Facebook,New items,Development,,760,64,13652,11973,4,674
2021-07-31,Facebook,Promos,Parents,discounts,2591,40,25030,7058,1,5154
2021-07-31,Facebook,Wholesale,Interests,hobby,5840,155,5377,5508,3,5631
2021-07-31,Facebook,Wholesale,Wide,cheap,5074,28,7114,9727,2,5813
2021-07-31,Google,Crazy discounts,Improvement,,1237,212,2794,10060,6,842
2021-07-31,Google,Electronics,Narrow,discounts,13739,158,94422,15410,5,15424
2021-07-31,Google,New items,Development,,2068,36,13689,8884,2,2874
2021-07-31,Google,Promos,Parents,discounts,2320,97,18822,5078,1,2835
2021-07-31,Google,Wholesale,Wide,cheap,4909,15,6782,2099,1,5674
2021-07-31,Google,Wholesale,Interests,hobby,6409,131,3123,16542,1,9958
2021-08-01,Facebook,Crazy discounts,Improvement,,2752,205,8941,23962,6,2881
2021-08-01,Facebook,Electronics,Narrow,discounts,25484,268,36102,23314,7,23380
2021-08-01,Facebook,Lookalike,Broad new,you_might_like,2634,87,7080,6191,5,2633
2021-08-01,Facebook,Lookalike,Broad,you_might_like,29792,1283,96408,85368,16,40455
2021-08-01,Facebook,New items,Development,,5172,273,21354,13183,2,4268
2021-08-01,Facebook,Promos,Parents,discounts,3908,40,10525,8007,3,6688
2021-08-01,Facebook,Wholesale,Wide,cheap,3197,36,5694,10211,3,2995
2021-08-01,Facebook,Wholesale,Interests,hobby,6789,37,5500,17599,5,9046
2021-08-01,Google,Crazy discounts,Improvement,,2413,179,20698,20302,9,2370
2021-08-01,Google,Electronics,Narrow,discounts,7819,397,13660,38512,0,7841
2021-08-01,Google,New items,Development,,1158,140,16962,11460,3,1555
2021-08-01,Google,Wholesale,Wide,cheap,3321,16,8170,5764,1,3466
2021-08-01,Google,Wholesale,Interests,hobby,7044,127,3679,5485,6,7396
2021-08-02,Facebook,Brand,Reach 2,recognition,603,11,7522,5144,0,494
2021-08-02,Facebook,Crazy discounts,Improvement,,2350,260,11764,5785,7,3189
2021-08-02,Facebook,Electronics,Narrow,discounts,6877,498,88247,102221,6,9731
2021-08-02,Facebook,Lookalike,Broad,you_might_like,23159,1413,34744,100562,8,19194
2021-08-02,Facebook,Lookalike,Broad new,you_might_like,4608,241,11202,15743,5,5981
2021-08-02,Facebook,Promos,Parents,discounts,4617,181,27888,10423,2,7054
2021-08-02,Facebook,Wholesale,Wide,cheap,3577,16,4151,6889,1,3001
2021-08-02,Facebook,Wholesale,Interests,hobby,7714,146,27380,10575,5,11913
2021-08-02,Google,Crazy discounts,Improvement,,1587,160,9059,15255,9,1226
2021-08-02,Google,Electronics,Narrow,discounts,24147,330,55535,85747,2,32438
2021-08-02,Google,New items,Development,,3279,218,7803,15570,1,3901
2021-08-02,Google,Promos,Parents,discounts,3599,52,14347,11075,2,3896
2021-08-02,Google,Wholesale,Wide,cheap,2391,34,4220,9158,2,3453
2021-08-03,Facebook,Brand,Reach 2,recognition,640,4,15864,12990,0,1049
2021-08-03,Facebook,Crazy discounts,Improvement,,1141,118,8907,24735,5,981
2021-08-03,Facebook,Electronics,Narrow,discounts,15930,886,77477,45479,1,13226
2021-08-03,Facebook,Lookalike,Broad,you_might_like,21654,406,83830,136611,11,28806
2021-08-03,Facebook,Lookalike,Broad new,you_might_like,7093,155,8709,12438,1,7536
2021-08-03,Facebook,New items,Development,,3753,90,14489,12640,0,4879
2021-08-03,Facebook,Wholesale,Interests,hobby,12305,292,15361,19676,6,12287
2021-08-03,Facebook,Wholesale,Wide,cheap,2039,10,4719,4307,1,1760
2021-08-03,Google,Crazy discounts,Improvement,,1617,138,17519,22746,1,1085
2021-08-03,Google,Promos,Parents,discounts,5020,104,11447,7594,0,7294
2021-08-03,Google,Wholesale,Interests,hobby,7366,53,28850,6535,8,5057
2021-08-04,Facebook,Brand,Reach 2,recognition,846,7,6563,17905,0,1304
2021-08-04,Facebook,Crazy discounts,Improvement,,3031,582,19522,25297,2,3997
2021-08-04,Facebook,Electronics,Narrow,discounts,19006,728,98663,53354,5,18634
2021-08-04,Facebook,Lookalike,Broad,you_might_like,26537,1499,143900,65246,31,28809
2021-08-04,Facebook,Lookalike,Broad new,you_might_like,5935,176,5607,5962,0,7528
2021-08-04,Facebook,New items,Development,,3359,85,9172,11065,5,5216
2021-08-04,Facebook,Promos,Parents,discounts,2914,153,24364,4884,3,4217
2021-08-04,Facebook,Wholesale,Interests,hobby,14641,106,16189,6082,2,16571
2021-08-04,Facebook,Wholesale,Wide,cheap,595,21,1012,1465,0,786
2021-08-04,Google,Crazy discounts,Improvement,,2369,343,22668,13101,6,2271
2021-08-04,Google,Electronics,Narrow,discounts,25567,390,43569,19298,4,31926
2021-08-04,Google,Wholesale,Interests,hobby,7356,184,4258,5152,0,6696
2021-08-04,Google,Wholesale,Wide,cheap,936,21,2625,2496,1,701
2021-08-05,Facebook,Brand,Reach 2,recognition,796,2,2960,3420,0,608
2021-08-05,Facebook,Crazy discounts,Improvement,,969,306,17054,25334,6,1284
2021-08-05,Facebook,Electronics,Narrow,discounts,14758,739,107085,44589,6,23128
2021-08-05,Facebook,Lookalike,Broad,you_might_like,35695,742,133513,118614,9,49716
2021-08-05,Facebook,New items,Development,,2608,50,9704,7533,1,4206
2021-08-05,Facebook,Wholesale,Wide,cheap,2366,18,1846,1065,0,2733
2021-08-05,Facebook,Wholesale,Interests,hobby,2505,101,24710,11357,7,2170
2021-08-05,Google,Electronics,Narrow,discounts,6711,818,110292,91064,12,9519
2021-08-05,Google,Wholesale,Interests,hobby,3885,200,16058,21165,8,3119
2021-08-06,Facebook,Brand,Reach 2,recognition,432,3,14286,14186,0,525
2021-08-06,Facebook,Crazy discounts,Improvement,,1079,484,13330,22768,1,1228
2021-08-06,Facebook,Electronics,Narrow,discounts,39949,298,41571,103042,9,56758
2021-08-06,Facebook,Lookalike,Broad,you_might_like,36222,1543,57555,35030,2,54863
2021-08-06,Facebook,Lookalike,Broad new,you_might_like,5030,145,15989,7840,6,4882
2021-08-06,Facebook,New items,Development,,2494,233,8177,10491,0,2164
2021-08-06,Facebook,Promos,Parents,discounts,2732,104,9959,14236,2,4018
2021-08-06,Facebook,Wholesale,Interests,hobby,5823,129,6744,9726,6,5771
2021-08-06,Facebook,Wholesale,Wide,cheap,1843,25,3509,3092,0,2535
2021-08-06,Google,Crazy discounts,Improvement,,2472,413,5756,7788,6,2546
2021-08-06,Google,Electronics,Narrow,discounts,11757,497,57096,84286,10,8233
2021-08-06,Google,Promos,Parents,discounts,4604,105,19405,15079,1,3593
2021-08-06,Google,Wholesale,Interests,hobby,11731,162,19501,6267,6,16431
2021-08-06,Google,Wholesale,Wide,cheap,607,11,1003,2012,0,447
2021-08-07,Facebook,Brand,Reach 2,recognition,629,2,4539,11306,0,646
2021-08-07,Facebook,Crazy discounts,Improvement,,3305,354,10530,20965,2,4160
2021-08-07,Facebook,Lookalike,Broad new,you_might_like,8506,188,18070,18446,6,13158
2021-08-07,Facebook,Lookalike,Broad,you_might_like,8872,1057,92769,40355,32,13672
2021-08-07,Facebook,New items,Development,,1678,375,15620,7494,1,2153
2021-08-07,Facebook,Promos,Parents,discounts,3125,51,18688,23308,1,4415
2021-08-07,Facebook,Wholesale,Wide,cheap,1416,24,3557,1076,0,1541
2021-08-07,Facebook,Wholesale,Interests,hobby,3222,78,20313,31234,0,3641
2021-08-07,Google,Crazy discounts,Improvement,,1753,231,16871,12261,4,1163
2021-08-07,Google,Electronics,Narrow,discounts,28251,765,141012,42348,1,44216
2021-08-07,Google,New items,Development,,2428,57,6447,2769,3,3479
2021-08-07,Google,Wholesale,Interests,hobby,8642,171,16977,16307,5,13009
2021-08-07,Google,Wholesale,Wide,cheap,1254,15,439,2815,0,1357
2021-08-08,Facebook,Brand,Reach 2,recognition,579,6,16221,10248,0,446
2021-08-08,Facebook,Crazy discounts,Improvement,,2006,161,20096,12727,2,2240
2021-08-08,Facebook,Electronics,Narrow,discounts,21487,442,90544,118788,5,28184
2021-08-08,Facebook,Lookalike,Broad,you_might_like,6563,657,135313,73959,32,9888
2021-08-08,Facebook,Lookalike,Broad new,you_might_like,1601,154,9288,6679,3,2334
2021-08-08,Facebook,New items,Development,,1282,179,14956,11560,3,1466
2021-08-08,Facebook,Promos,Parents,discounts,6092,146,14778,10372,0,9298
2021-08-08,Facebook,Wholesale,Wide,cheap,1635,25,3343,4070,1,1244
2021-08-08,Google,Crazy discounts,Improvement,,855,325,21939,4354,0,733
2021-08-08,Google,Electronics,Narrow,discounts,22239,905,76835,51064,10,23473
2021-08-08,Google,Wholesale,Interests,hobby,5780,91,25688,21571,1,7567
2021-08-08,Google,Wholesale,Wide,cheap,914,13,977,4232,0,1085
2021-08-09,Facebook,Brand,Reach 2,recognition,269,2,16225,14747,0,345
2021-08-09,Facebook,Crazy discounts,Improvement,,1990,333,5968,11422,6,3230
2021-08-09,Facebook,Electronics,Narrow,discounts,7264,591,54081,35319,13,6765
2021-08-09,Facebook,Lookalike,Broad,you_might_like,17105,921,130006,80373,11,18478
2021-08-09,Facebook,Lookalike,Broad new,you_might_like,4526,154,3019,4716,5,7765
2021-08-09,Facebook,New items,Development,,0,0,0,0,0,0
2021-08-09,Facebook,Promos,Parents,discounts,2669,57,16688,9023,2,4452
2021-08-09,Facebook,Wholesale,Interests,hobby,8919,79,10324,10431,4,15313
2021-08-09,Facebook,Wholesale,Wide,cheap,2311,23,5850,2039,0,3006
2021-08-09,Google,Electronics,Narrow,discounts,35562,174,34739,16609,11,34120
2021-08-09,Google,New items,Development,,0,0,0,0,0,0
2021-08-09,Google,Wholesale,Interests,hobby,1282,109,15760,19476,5,1775
2021-08-09,Google,Wholesale,Wide,cheap,718,17,1961,852,0,615
2021-08-10,Facebook,Brand,Reach 2,recognition,682,2,11879,6593,0,748
2021-08-10,Facebook,Crazy discounts,Improvement,,2597,186,6001,7637,5,4098
2021-08-10,Facebook,Electronics,Narrow,discounts,11214,830,106771,112194,13,10262
2021-08-10,Facebook,Lookalike,Broad,you_might_like,25167,711,117116,82598,29,27945
2021-08-10,Facebook,Lookalike,Broad new,you_might_like,7978,133,14470,11910,4,7124
2021-08-10,Facebook,New items,Development,,751,19,5469,1933,1,1200
2021-08-10,Facebook,Promos,Parents,discounts,6020,97,26065,11191,0,7204
2021-08-10,Facebook,Wholesale,Interests,hobby,4555,92,27420,9050,1,7913
2021-08-10,Google,New items,Development,,987,48,4069,1402,0,1603
2021-08-10,Google,Promos,Parents,discounts,1097,100,16208,5313,1,1219
2021-08-10,Google,Wholesale,Interests,hobby,6999,24,30093,29411,2,5881
2021-08-10,Google,Wholesale,Wide,cheap,618,2,3433,1831,1,950
2021-08-11,Facebook,Brand,Reach 2,recognition,783,5,8374,3116,0,602
2021-08-11,Facebook,Crazy discounts,Improvement,,2323,95,15004,10409,7,3457
2021-08-11,Facebook,Electronics,Narrow,discounts,14505,729,134249,99892,3,23569
2021-08-11,Facebook,Lookalike,Broad new,you_might_like,5629,171,5746,6917,5,5688
2021-08-11,Facebook,Lookalike,Broad,you_might_like,28805,1007,95292,65496,18,24581
2021-08-11,Facebook,New items,Development,,1445,42,6130,1845,1,1704
2021-08-11,Facebook,Wholesale,Interests,hobby,11263,145,17198,31704,7,11920
2021-08-11,Facebook,Wholesale,Wide,cheap,4076,37,7840,6974,1,6213
2021-08-11,Google,Crazy discounts,Improvement,,2670,44,5272,13393,7,2887
2021-08-11,Google,Electronics,Narrow,discounts,35915,512,43152,27321,10,53327
2021-08-11,Google,Wholesale,Wide,cheap,2457,31,3093,5838,2,1790
2021-08-12,Facebook,Brand,Reach 2,recognition,220,4,13026,12430,0,326
2021-08-12,Facebook,Electronics,Narrow,discounts,31306,767,26691,42403,7,51225
2021-08-12,Facebook,Lookalike,Broad new,you_might_like,3082,70,10840,3436,0,4355
2021-08-12,Facebook,Lookalike,Broad,you_might_like,15337,1358,151554,91668,10,26722
2021-08-12,Facebook,New items,Development,,575,75,1865,1918,2,745
2021-08-12,Facebook,Promos,Parents,discounts,1291,62,15923,6704,3,2271
2021-08-12,Facebook,Wholesale,Wide,cheap,2488,17,5141,5636,3,3501
2021-08-12,Facebook,Wholesale,Interests,hobby,9160,143,5830,11393,3,9691
2021-08-12,Google,Crazy discounts,Improvement,,2265,105,15420,5478,4,3718
2021-08-12,Google,Electronics,Narrow,discounts,33399,663,87597,20170,6,46593
2021-08-12,Google,New items,Development,,2425,72,2948,5164,1,3173
2021-08-12,Google,Promos,Parents,discounts,4433,31,7302,16455,1,4210
2021-08-12,Google,Wholesale,Wide,cheap,1473,18,1855,2355,1,1550
2021-08-12,Google,Wholesale,Interests,hobby,1329,22,4313,12858,3,2025
2021-08-13,Facebook,Brand,Reach 2,recognition,287,3,6717,2308,0,236
2021-08-13,Facebook,Crazy discounts,Improvement,,3488,296,8930,7091,3,5886
2021-08-13,Facebook,Lookalike,Broad new,you_might_like,6011,40,4875,6509,1,8218
2021-08-13,Facebook,Lookalike,Broad,you_might_like,18266,1101,98595,82198,21,18625
2021-08-13,Facebook,New items,Development,,3275,306,13407,13397,4,4108
2021-08-13,Facebook,Promos,Parents,discounts,4211,142,12735,10638,1,6133
2021-08-13,Facebook,Wholesale,Wide,cheap,502,44,6170,2919,1,573
2021-08-13,Facebook,Wholesale,Interests,hobby,6434,128,28461,36429,2,10123
2021-08-13,Google,Crazy discounts,Improvement,,2196,91,3537,3314,1,2358
2021-08-13,Google,Electronics,Narrow,discounts,9178,833,111716,30757,1,9649
2021-08-13,Google,New items,Development,,4738,249,13504,10462,5,6472
2021-08-13,Google,Wholesale,Interests,hobby,3269,105,5618,25697,8,2439
2021-08-13,Google,Wholesale,Wide,cheap,1327,13,4651,2356,2,980
2021-08-14,Facebook,Brand,Reach 2,recognition,381,3,5871,11030,0,451
2021-08-14,Facebook,Crazy discounts,Improvement,,2411,190,15020,17621,4,1831
2021-08-14,Facebook,Electronics,Narrow,discounts,6623,420,92507,25499,1,5045
2021-08-14,Facebook,Lookalike,Broad,you_might_like,18616,450,101731,141991,25,27475
2021-08-14,Facebook,Lookalike,Broad new,you_might_like,7229,59,9176,3819,1,9950
2021-08-14,Facebook,New items,Development,,5117,291,12437,7850,4,6151
2021-08-14,Facebook,Promos,Parents,discounts,1195,91,16303,14896,1,2729
2021-08-14,Facebook,Wholesale,Interests,hobby,7613,123,32623,16128,2,9571
2021-08-14,Google,Crazy discounts,Improvement,,2205,121,8514,5671,6,3427
2021-08-14,Google,New items,Development,,4359,84,6847,10782,2,3249
2021-08-14,Google,Promos,Parents,discounts,1767,96,3259,6096,0,1160
2021-08-14,Google,Wholesale,Wide,cheap,2210,11,5707,3606,1,2187
2021-08-15,Facebook,Brand,Reach 2,recognition,754,1,8837,5300,0,1195
2021-08-15,Facebook,Crazy discounts,Improvement,,2640,116,17296,12902,1,3934
2021-08-15,Facebook,Electronics,Narrow,discounts,43823,796,94314,124063,1,65139
2021-08-15,Facebook,Lookalike,Broad,you_might_like,29823,256,100231,147378,17,31502
2021-08-15,Facebook,New items,Development,,5624,84,6138,6207,1,4888
2021-08-15,Facebook,Promos,Parents,discounts,5798,107,3668,11714,2,10496
2021-08-15,Facebook,Wholesale,Interests,hobby,3885,143,20519,28311,3,4150
2021-08-15,Facebook,Wholesale,Wide,cheap,3397,41,7670,7151,1,3166
2021-08-15,Google,Crazy discounts,Improvement,,2267,83,7195,8487,3,3307
2021-08-15,Google,Electronics,Narrow,discounts,26805,369,33818,63089,11,41080
2021-08-15,Google,New items,Development,,3599,346,22407,3447,6,5820
2021-08-15,Google,Promos,Parents,discounts,6625,67,15238,1755,2,5956
2021-08-15,Google,Wholesale,Interests,hobby,11152,128,18999,36545,3,17717
2021-08-15,Google,Wholesale,Wide,cheap,1102,35,1351,4297,0,925
2021-08-16,Facebook,Brand,Reach 2,recognition,189,0,2159,2756,0,264
2021-08-16,Facebook,Crazy discounts,Improvement,,1017,273,15372,18629,1,900
2021-08-16,Facebook,Electronics,Narrow,discounts,21635,1025,51860,136401,1,27796
2021-08-16,Facebook,Lookalike,Broad,you_might_like,7176,1621,150618,86144,23,7927
2021-08-16,Facebook,Lookalike,Broad new,you_might_like,4179,319,18983,12790,2,3194
2021-08-16,Facebook,New items,Development,,5600,261,10607,16850,1,8079
2021-08-16,Facebook,Promos,Parents,discounts,992,45,20464,19319,1,2062
2021-08-16,Facebook,Wholesale,Interests,hobby,7070,224,35955,26451,6,10008
2021-08-16,Facebook,Wholesale,Wide,cheap,1347,31,2471,7318,0,1608
2021-08-16,Google,Electronics,Narrow,discounts,8208,269,66182,37995,12,7126
2021-08-16,Google,New items,Development,,3752,213,17279,14974,5,2801
2021-08-16,Google,Promos,Parents,discounts,3201,74,3020,3073,2,2681
2021-08-16,Google,Wholesale,Wide,cheap,1772,46,4997,7241,1,1989
2021-08-17,Facebook,Crazy discounts,Improvement,,499,16,538,2994,1,626
2021-08-17,Facebook,Electronics,Narrow,discounts,32568,750,123179,68975,8,55345
2021-08-17,Facebook,Lookalike,Broad new,you_might_like,2843,86,7188,4401,3,4408
2021-08-17,Facebook,Lookalike,Broad,you_might_like,12511,273,38490,24578,12,21453
2021-08-17,Facebook,New items,Development,,5200,290,9078,4974,4,6196
2021-08-17,Facebook,Promos,Parents,discounts,3665,122,12257,7079,1,4415
2021-08-17,Facebook,Wholesale,Interests,hobby,9218,207,8132,14404,0,11227
2021-08-17,Facebook,Wholesale,Wide,cheap,564,42,3892,4825,1,828
2021-08-17,Google,Crazy discounts,Improvement,,188,9,1681,1632,0,197
2021-08-17,Google,Electronics,Narrow,discounts,35888,166,100834,39799,12,52608
2021-08-17,Google,New items,Development,,953,163,17624,14078,3,1043
2021-08-17,Google,Promos,Parents,discounts,4326,27,3425,13237,0,6299
2021-08-17,Google,Wholesale,Interests,hobby,8318,71,4976,10179,7,7485
2021-08-18,Facebook,Crazy discounts,Improvement,,2876,148,11224,19354,3,4366
2021-08-18,Facebook,Electronics,Narrow,discounts,39846,564,69406,93218,11,30219
2021-08-18,Facebook,Lookalike,Broad,you_might_like,14849,649,25545,31711,21,20105
2021-08-18,Facebook,Lookalike,Broad new,you_might_like,1340,52,3697,5699,0,2175
2021-08-18,Facebook,New items,Development,,2661,386,11814,10066,6,2305
2021-08-18,Facebook,Promos,Parents,discounts,4479,76,5315,14558,1,10292
2021-08-18,Facebook,Wholesale,Interests,hobby,10390,51,30165,10804,5,12688
2021-08-18,Facebook,Wholesale,Wide,cheap,1729,6,4145,3537,0,2124
2021-08-18,Google,Crazy discounts,Improvement,,1230,65,18514,9833,5,2028
2021-08-18,Google,Electronics,Narrow,discounts,25576,570,24998,68854,6,20482
2021-08-18,Google,Promos,Parents,discounts,1892,46,11340,13950,1,1487
2021-08-18,Google,Wholesale,Wide,cheap,1534,5,891,2843,0,2507
2021-08-19,Facebook,Crazy discounts,Improvement,,3259,75,24899,16911,4,4055
2021-08-19,Facebook,Electronics,Narrow,discounts,15258,766,141516,105145,3,23338
2021-08-19,Facebook,Lookalike,Broad new,you_might_like,3261,85,4958,1357,2,3452
2021-08-19,Facebook,New items,Development,,3348,148,16020,16629,4,5389
2021-08-19,Facebook,Promos,Parents,discounts,3674,99,6224,13101,1,4057
2021-08-19,Facebook,Wholesale,Interests,hobby,9703,34,26754,23011,6,10587
2021-08-19,Facebook,Wholesale,Wide,cheap,2972,32,4164,4387,0,2460
2021-08-19,Google,New items,Development,,3791,139,8493,9542,0,6236
2021-08-19,Google,Promos,Parents,discounts,1646,151,8224,14570,3,1704
2021-08-19,Google,Wholesale,Interests,hobby,7226,95,22136,26005,4,7067
2021-08-19,Google,Wholesale,Wide,cheap,1929,28,5076,1577,0,1706
2021-08-20,Facebook,Crazy discounts,Improvement,,2244,46,8681,6570,4,1859
2021-08-20,Facebook,Electronics,Narrow,discounts,26287,614,45182,123782,7,26933
2021-08-20,Facebook,Lookalike,Broad,you_might_like,18527,752,99411,45000,21,31410
2021-08-20,Facebook,Lookalike,Broad new,you_might_like,2230,44,5405,2483,1,2138
2021-08-20,Facebook,New items,Development,,4724,319,6271,3840,5,4944
2021-08-20,Facebook,Promos,Parents,discounts,8263,197,10526,13721,1,14187
2021-08-20,Facebook,Wholesale,Interests,hobby,3111,74,22953,34598,6,3906
2021-08-20,Facebook,Wholesale,Wide,cheap,2712,17,4962,2786,0,2341
2021-08-20,Google,Crazy discounts,Improvement,,1457,85,16382,6481,4,2291
2021-08-20,Google,Electronics,Narrow,discounts,36897,126,45568,32448,7,47507
2021-08-20,Google,Wholesale,Wide,cheap,990,6,4798,3874,1,1539
2021-08-20,Google,Wholesale,Interests,hobby,4496,83,26566,25293,3,3391
2021-08-21,Facebook,Crazy discounts,Improvement,,1650,311,18086,20166,1,2819
2021-08-21,Facebook,Electronics,Narrow,discounts,42480,658,31572,60022,11,60103
2021-08-21,Facebook,Lookalike,Broad new,you_might_like,939,95,763,2144,0,1473
2021-08-21,Facebook,Lookalike,Broad,you_might_like,25359,748,51395,25270,21,19395
2021-08-21,Facebook,New items,Development,,2680,269,6305,4490,1,2226
2021-08-21,Facebook,Promos,Parents,discounts,3134,171,31247,26566,2,6362
2021-08-21,Facebook,Wholesale,Interests,hobby,6409,32,36432,9017,4,8529
2021-08-21,Facebook,Wholesale,Wide,cheap,2326,29,3939,3835,0,2273
2021-08-21,Google,New items,Development,,3086,204,13617,3948,1,4004
2021-08-21,Google,Wholesale,Wide,cheap,583,13,3122,2370,0,813
2021-08-21,Google,Wholesale,Interests,hobby,9535,156,18035,18546,5,10073
2021-08-22,Facebook,Crazy discounts,Improvement,,2687,147,2856,10231,0,4082
2021-08-22,Facebook,Electronics,Narrow,discounts,33051,1014,105017,29155,2,34241
2021-08-22,Facebook,Lookalike,Broad,you_might_like,10738,1268,120256,100113,26,12652
2021-08-22,Facebook,Lookalike,Broad new,you_might_like,1762,53,4022,1018,1,2952
2021-08-22,Facebook,New items,Development,,5777,177,4447,6349,5,5195
2021-08-22,Facebook,Wholesale,Wide,cheap,1881,16,3255,4434,1,2143
2021-08-22,Facebook,Wholesale,Interests,hobby,5348,187,38797,27590,4,7694
2021-08-22,Google,Crazy discounts,Improvement,,927,287,7533,6007,2,1050
2021-08-22,Google,Electronics,Narrow,discounts,22269,457,107699,22115,10,16618
2021-08-22,Google,New items,Development,,6655,169,17681,12196,0,9627
2021-08-22,Google,Promos,Parents,discounts,4458,124,12923,9982,0,5171
2021-08-22,Google,Wholesale,Interests,hobby,5469,94,17081,15979,2,4166
2021-08-22,Google,Wholesale,Wide,cheap,825,17,3078,4175,1,858
2021-08-23,Facebook,Crazy discounts,Improvement,,2008,258,11632,3886,5,1583
2021-08-23,Facebook,Electronics,Narrow,discounts,35226,797,40279,32070,15,30196
2021-08-23,Facebook,Lookalike,Broad new,you_might_like,1417,78,4367,1489,2,2247
2021-08-23,Facebook,Lookalike,Broad,you_might_like,11654,752,82750,41163,25,15874
2021-08-23,Facebook,New items,Development,,4216,331,12907,16844,2,6255
2021-08-23,Facebook,Promos,Parents,discounts,2680,146,18662,12945,1,4562
2021-08-23,Facebook,Wholesale,Wide,cheap,1856,8,5812,2144,0,2402
2021-08-23,Facebook,Wholesale,Interests,hobby,6254,123,21388,13415,6,6486
2021-08-23,Google,New items,Development,,6758,285,13792,14006,6,10888
2021-08-23,Google,Promos,Parents,discounts,6811,104,9703,21415,2,5921
2021-08-23,Google,Wholesale,Wide,cheap,1192,7,920,2693,1,1705
2021-08-23,Google,Wholesale,Interests,hobby,7282,129,7916,15424,2,10154
2021-08-24,Facebook,Crazy discounts,Improvement,,1238,345,10748,9681,2,1567
2021-08-24,Facebook,Electronics,Narrow,discounts,10844,541,116059,25864,9,15334
2021-08-24,Facebook,Lookalike,Broad,you_might_like,10053,1356,115039,70938,1,10052
2021-08-24,Facebook,Lookalike,Broad new,you_might_like,2014,89,3672,1631,1,1985
2021-08-24,Facebook,New items,Development,,4538,198,17199,11047,0,4746
2021-08-24,Facebook,Wholesale,Interests,hobby,5478,49,12035,17800,1,4763
2021-08-24,Facebook,Wholesale,Wide,cheap,1795,9,6558,2757,1,1812
2021-08-24,Google,Crazy discounts,Improvement,,1894,148,10783,14432,1,2806
2021-08-24,Google,Electronics,Narrow,discounts,8744,294,78468,23656,10,14349
2021-08-24,Google,New items,Development,,4377,61,13804,6783,3,4040
2021-08-24,Google,Promos,Parents,discounts,2130,198,25998,9406,1,1687
2021-08-24,Google,Wholesale,Interests,hobby,10289,137,4962,12801,6,12179
2021-08-25,Facebook,Crazy discounts,Improvement,,1072,91,10228,14444,3,1433
2021-08-25,Facebook,Lookalike,Broad,you_might_like,24969,294,87086,27960,8,19335
2021-08-25,Facebook,Lookalike,Broad new,you_might_like,1906,61,5610,1837,1,2441
2021-08-25,Facebook,New items,Development,,1060,55,2394,4685,2,1608
2021-08-25,Facebook,Promos,Parents,discounts,2930,105,12705,31573,5,3904
2021-08-25,Facebook,Wholesale,Interests,hobby,10825,87,14108,15870,7,10829
2021-08-25,Facebook,Wholesale,Wide,cheap,1416,15,5571,4540,1,1567
2021-08-25,Google,Crazy discounts,Improvement,,1217,202,6586,11402,5,1905
2021-08-25,Google,Electronics,Narrow,discounts,31033,611,97634,68662,5,31506
2021-08-25,Google,New items,Development,,877,128,3319,4382,0,1168
2021-08-25,Google,Wholesale,Interests,hobby,4785,166,14133,5777,2,4003
2021-08-26,Facebook,Electronics,Narrow,discounts,12907,216,19278,58337,13,20417
2021-08-26,Facebook,Lookalike,Broad,you_might_like,25389,435,90119,88629,11,34122
2021-08-26,Facebook,Lookalike,Broad new,you_might_like,2133,69,2907,1171,1,2060
2021-08-26,Facebook,Promos,Parents,discounts,1556,209,29000,26473,3,2371
2021-08-26,Facebook,Wholesale,Interests,hobby,2564,101,17959,14040,9,2569
2021-08-26,Facebook,Wholesale,Wide,cheap,1537,15,2904,833,0,2069
2021-08-26,Google,Electronics,Narrow,discounts,15246,214,28026,48569,12,21434
2021-08-26,Google,Promos,Parents,discounts,5771,132,25307,14061,3,6537
2021-08-26,Google,Wholesale,Wide,cheap,1485,6,367,2781,1,2100
2021-08-26,Google,Wholesale,Interests,hobby,3671,204,22015,21785,7,5000
2021-08-27,Facebook,Crazy discounts,Improvement,,2870,147,15577,17418,3,2849
2021-08-27,Facebook,Electronics,Narrow,discounts,23456,863,98245,72740,12,26387
2021-08-27,Facebook,Lookalike,Broad,you_might_like,23609,412,79205,75276,14,23420
2021-08-27,Facebook,Lookalike,Broad new,you_might_like,1930,24,1487,4117,1,2265
2021-08-27,Facebook,Promos,Parents,discounts,3668,174,37801,24589,1,8483
2021-08-27,Facebook,Wholesale,Wide,cheap,1565,10,2811,2403,1,2503
2021-08-27,Facebook,Wholesale,Interests,hobby,14584,199,5616,6607,4,17328
2021-08-27,Google,Crazy discounts,Improvement,,1480,127,3515,9056,3,2211
2021-08-27,Google,Promos,Parents,discounts,5625,161,18074,25979,1,8004
2021-08-27,Google,Wholesale,Interests,hobby,4488,178,27893,5495,7,5865
2021-08-28,Facebook,Crazy discounts,Improvement,,2187,164,15524,8410,2,2633
2021-08-28,Facebook,Electronics,Narrow,discounts,30697,884,109558,90456,1,49403
2021-08-28,Facebook,Lookalike,Broad,you_might_like,21029,1039,86465,35480,14,18823
2021-08-28,Facebook,New items,Development,,0,0,0,0,0,0
2021-08-28,Facebook,Promos,Parents,discounts,4080,306,8550,30315,4,7402
2021-08-28,Facebook,Wholesale,Wide,cheap,2236,38,4706,1951,1,1701
2021-08-28,Facebook,Wholesale,Interests,hobby,11635,119,12143,29948,4,19242
2021-08-28,Google,Crazy discounts,Improvement,,2972,250,5914,9288,5,2758
2021-08-28,Google,Electronics,Narrow,discounts,30781,616,69023,21290,7,22729
2021-08-28,Google,New items,Development,,0,0,0,0,0,0
2021-08-28,Google,Promos,Parents,discounts,4842,85,26756,8860,5,5752
2021-08-28,Google,Wholesale,Wide,cheap,1043,24,4817,1968,1,1550
2021-08-28,Google,Wholesale,Interests,hobby,9196,82,19434,7289,5,7106
2021-08-29,Facebook,Crazy discounts,Improvement,,1495,150,13913,9466,1,1594
2021-08-29,Facebook,Electronics,Narrow,discounts,24329,465,69156,29146,13,41989
2021-08-29,Facebook,Lookalike,Broad,you_might_like,19237,252,86638,105487,29,33308
2021-08-29,Facebook,Lookalike,Broad new,you_might_like,883,29,1737,2431,0,946
2021-08-29,Facebook,Promos,Parents,discounts,5787,77,10246,27313,2,13161
2021-08-29,Facebook,Wholesale,Wide,cheap,1580,8,4232,3934,1,1904
2021-08-29,Facebook,Wholesale,Interests,hobby,6420,57,5883,18925,6,9952
2021-08-29,Google,Electronics,Narrow,discounts,11206,385,23068,86755,9,12915
2021-08-29,Google,Promos,Parents,discounts,8951,311,7772,5512,2,11288
2021-08-29,Google,Wholesale,Interests,hobby,8042,167,32019,24193,4,10546
2021-08-29,Google,Wholesale,Wide,cheap,2585,37,2483,4984,0,3650
2021-08-30,Facebook,Crazy discounts,Improvement,,2693,293,7475,2782,4,2702
2021-08-30,Facebook,Electronics,Narrow,discounts,41534,448,36300,62820,5,69376
2021-08-30,Facebook,Lookalike,Broad new,you_might_like,321,14,2284,3648,0,523
2021-08-30,Facebook,Lookalike,Broad,you_might_like,13415,1043,96043,74126,16,20821
2021-08-30,Facebook,Promos,Parents,discounts,7036,274,7842,39337,2,15911
2021-08-30,Facebook,Wholesale,Interests,hobby,13538,88,23869,14841,1,10555
2021-08-30,Facebook,Wholesale,Wide,cheap,2806,14,3441,6049,0,3537
2021-08-30,Google,Electronics,Narrow,discounts,22557,409,85526,56410,11,18536
2021-08-30,Google,Wholesale,Wide,cheap,1300,33,4842,5072,2,975
2021-08-30,Google,Wholesale,Interests,hobby,2768,200,4158,18975,7,3704
2021-08-31,Facebook,Crazy discounts,Improvement,,790,103,11078,10422,1,1340
2021-08-31,Facebook,Electronics,Narrow,discounts,6119,222,86327,39427,6,10347
2021-08-31,Facebook,Lookalike,Broad new,you_might_like,645,11,1652,2496,0,687
2021-08-31,Facebook,Lookalike,Broad,you_might_like,22141,830,40249,23798,11,31517
2021-08-31,Facebook,New items,Development,,0,0,0,0,0,0
2021-08-31,Facebook,Promos,Parents,discounts,7455,276,24286,31420,1,12622
2021-08-31,Facebook,Wholesale,Wide,cheap,989,22,2491,4258,0,818
2021-08-31,Facebook,Wholesale,Interests,hobby,2332,197,14090,22324,1,3157
2021-08-31,Google,Electronics,Narrow,discounts,11692,334,14118,77956,11,15180
2021-08-31,Google,Promos,Parents,discounts,8409,125,28566,5976,1,9253
2021-08-31,Google,Wholesale,Wide,cheap,791,10,812,3280,1,1050
2021-09-01,Facebook,Crazy discounts,Improvement,,3347,65,18238,8333,4,3892
2021-09-01,Facebook,Electronics,Narrow,discounts,19395,834,85797,20369,9,32333
2021-09-01,Facebook,Lookalike,Broad,you_might_like,5047,400,82832,107833,2,6293
2021-09-01,Facebook,Lookalike,Broad new,you_might_like,1423,31,2213,2363,0,2340
2021-09-01,Facebook,Promos,Parents,discounts,3456,325,12498,10430,4,8191
2021-09-01,Facebook,Wholesale,Interests,hobby,6425,91,13416,19646,2,5212
2021-09-01,Facebook,Wholesale,Wide,cheap,1485,28,4396,3977,1,1195
2021-09-01,Google,Electronics,Narrow,discounts,37172,662,128102,59353,8,57921
2021-09-01,Google,Promos,Parents,discounts,9435,170,31766,20784,0,15270
2021-09-02,Facebook,Crazy discounts,Improvement,,1477,48,8245,5883,4,2441
2021-09-02,Facebook,Lookalike,Broad new,you_might_like,1465,60,3535,1643,0,1662
2021-09-02,Facebook,Lookalike,Broad,you_might_like,15981,1063,74599,48325,20,21351
2021-09-02,Facebook,Promos,Parents,discounts,4534,243,23450,21367,4,6263
2021-09-02,Facebook,Wholesale,Wide,cheap,2001,25,921,1374,0,1557
2021-09-02,Facebook,Wholesale,Interests,hobby,7000,218,24323,7023,3,7617
2021-09-02,Google,Crazy discounts,Improvement,,1562,209,11394,16902,4,2564
2021-09-02,Google,Promos,Parents,discounts,2051,265,7213,26664,1,1800
2021-09-02,Google,Wholesale,Wide,cheap,1566,13,3217,1130,1,1429
2021-09-02,Google,Wholesale,Interests,hobby,12089,50,4112,14796,2,16518
2021-09-03,Facebook,Crazy discounts,Improvement,,911,318,19262,18001,6,1005
2021-09-03,Facebook,Electronics,Narrow,discounts,38244,445,76038,52192,14,39881
2021-09-03,Facebook,Lookalike,Broad,you_might_like,14006,378,53367,41220,0,23001
2021-09-03,Facebook,Lookalike,Broad new,you_might_like,1432,34,1339,2826,1,1590
2021-09-03,Facebook,Wholesale,Clean,cheap,1351,9,6325,3575,0,1830
2021-09-03,Facebook,Wholesale,Interests,hobby,3494,100,6759,15570,5,4102
2021-09-03,Google,Crazy discounts,Improvement,,2977,188,2300,13603,4,4712
2021-09-03,Google,Electronics,Narrow,discounts,30007,540,85299,98251,8,38408
2021-09-03,Google,Promos,Parents,discounts,10120,167,24903,3238,0,11163
2021-09-03,Google,Wholesale,Interests,hobby,1993,17,14913,15259,4,1880
2021-09-03,Google,Wholesale,Wide,cheap,726,25,3516,566,1,707
2021-09-03,Google,Wholesale,Clean,cheap,1312,14,2760,840,1,1219
2021-09-04,Facebook,Crazy discounts,Improvement,,1824,176,11204,3114,6,1467
2021-09-04,Facebook,Electronics,Narrow,discounts,38400,602,107630,17342,1,36411
2021-09-04,Facebook,Lookalike,Broad,you_might_like,8646,248,8784,29218,5,15128
2021-09-04,Facebook,Lookalike,Broad new,you_might_like,859,3,1842,1435,0,863
2021-09-04,Facebook,Lookalike,Trending new,тренд,26416,227,64164,53671,10,25566
2021-09-04,Facebook,Promos,Parents,discounts,8069,250,19192,12373,2,17620
2021-09-04,Facebook,Wholesale,Wide,cheap,3517,25,3187,6969,0,4990
2021-09-04,Facebook,Wholesale,Clean,cheap,10030,22,14409,16942,1,10727
2021-09-04,Google,Crazy discounts,Improvement,,1468,159,1796,5589,6,2246
2021-09-04,Google,Electronics,Narrow,discounts,36603,221,44655,38526,6,26841
2021-09-04,Google,Wholesale,Interests,hobby,3379,35,1491,7118,2,4692
2021-09-04,Google,Wholesale,Wide,cheap,651,10,2834,4034,0,475
2021-09-05,Facebook,Crazy discounts,Improvement,,1475,165,3274,7507,2,1336
2021-09-05,Facebook,Electronics,Narrow,discounts,25688,613,31474,85972,0,23734
2021-09-05,Facebook,Lookalike,Trending new,тренд,8247,439,53193,46660,11,11518
2021-09-05,Facebook,Lookalike,Broad new,you_might_like,644,5,2574,931,1,966
2021-09-05,Facebook,Promos,Parents,discounts,9323,69,15541,35413,6,20377
2021-09-05,Facebook,Wholesale,Interests,hobby,4882,51,7390,9249,2,5139
2021-09-05,Facebook,Wholesale,Wide,cheap,2237,26,3603,3655,1,3290
2021-09-05,Facebook,Wholesale,Clean,cheap,4900,57,7897,14218,1,5795
2021-09-05,Google,Electronics,Narrow,discounts,32003,109,102917,32340,4,21021
2021-09-05,Google,Wholesale,Wide,cheap,608,9,4861,1642,1,933
2021-09-05,Google,Wholesale,Clean,cheap,2360,89,10489,7588,0,1990
2021-09-06,Facebook,Crazy discounts,Improvement,,1347,155,9229,10621,3,1199
2021-09-06,Facebook,Electronics,Narrow,discounts,25487,672,85563,40865,15,34569
2021-09-06,Facebook,Lookalike,Trending new,тренд,9125,243,44910,11339,10,14569
2021-09-06,Facebook,Lookalike,Broad new,you_might_like,1085,14,1108,549,0,845
2021-09-06,Facebook,Lookalike,Broad,you_might_like,3758,62,36752,38986,0,2902
2021-09-06,Facebook,Promos,Parents,discounts,5642,164,7864,26142,3,5923
2021-09-06,Facebook,Wholesale,Interests,hobby,1005,29,8380,4402,1,1221
2021-09-06,Facebook,Wholesale,Clean,cheap,6440,133,20287,4561,1,7930
2021-09-06,Google,Promos,Parents,discounts,9928,299,21586,26170,2,13080
2021-09-06,Google,Wholesale,Clean,cheap,3223,45,9618,9205,1,4675
2021-09-06,Google,Wholesale,Interests,hobby,3166,48,5195,1930,1,4571
2021-09-06,Google,Wholesale,Wide,cheap,918,16,2641,2298,0,874
2021-09-07,Facebook,Crazy discounts,Improvement,,2774,178,11147,10362,2,3136
2021-09-07,Facebook,Electronics,Narrow,discounts,40008,704,66407,95664,1,51634
2021-09-07,Facebook,Lookalike,Trending new,тренд,4603,261,53438,13144,11,4644
2021-09-07,Facebook,Lookalike,Broad new,you_might_like,1922,8,2295,1778,1,2757
2021-09-07,Facebook,Lookalike,Broad,you_might_like,6917,199,32203,8469,4,7419
2021-09-07,Facebook,Promos,Parents,discounts,6576,180,11811,18287,2,7464
2021-09-07,Facebook,Wholesale,Wide,cheap,188,14,905,2237,0,270
2021-09-07,Facebook,Wholesale,Clean,cheap,5810,73,19992,17819,1,9527
2021-09-07,Facebook,Wholesale,Interests,hobby,2763,22,13527,7619,1,4584
2021-09-07,Google,Crazy discounts,Improvement,,1721,64,9692,1837,3,2192
2021-09-07,Google,Wholesale,Wide,cheap,954,8,386,1459,0,1183
2021-09-07,Google,Wholesale,Clean,cheap,4854,82,8480,17401,0,7589
2021-09-07,Google,Wholesale,Interests,hobby,1525,43,11798,6346,3,2113
2021-09-08,Facebook,Electronics,Narrow,discounts,31305,119,127916,86234,0,32491
2021-09-08,Facebook,Lookalike,Broad new,you_might_like,517,10,709,1029,0,743
2021-09-08,Facebook,Lookalike,Trending new,тренд,20930,476,56299,26052,2,16138
2021-09-08,Facebook,Lookalike,Broad,you_might_like,9846,67,10165,14337,0,12125
2021-09-08,Facebook,Promos,Parents,discounts,1795,219,17332,19752,3,1911
2021-09-08,Facebook,Wholesale,Wide,cheap,1157,3,1147,1360,0,1470
2021-09-08,Facebook,Wholesale,Clean,cheap,8717,49,18575,9273,4,10915
2021-09-08,Facebook,Wholesale,Interests,hobby,2168,49,7364,6285,2,2444
2021-09-08,Google,Crazy discounts,Improvement,,558,71,10732,8722,2,600
2021-09-08,Google,Promos,Parents,discounts,9429,128,22382,20152,0,11544
2021-09-08,Google,Wholesale,Wide,cheap,283,14,1749,1918,0,242
2021-09-08,Google,Wholesale,Clean,cheap,2951,16,4862,5720,4,3135
2021-09-09,Facebook,Brand,Reach 2,recognition,417,4,7102,2923,0,439
2021-09-09,Facebook,Crazy discounts,Improvement,,2091,83,5315,11364,1,2209
2021-09-09,Facebook,Electronics,Narrow,discounts,6694,458,34620,40420,8,10524
2021-09-09,Facebook,Lookalike,Trending new,тренд,16538,217,48785,46264,7,15399
2021-09-09,Facebook,Lookalike,Broad new,you_might_like,598,22,3363,1673,0,590
2021-09-09,Facebook,Lookalike,Broad,you_might_like,2633,187,18729,10998,7,4409
2021-09-09,Facebook,Promos,Parents,discounts,6150,80,26653,8555,1,13998
2021-09-09,Facebook,Wholesale,Clean,cheap,4494,90,3725,2962,1,4539
2021-09-09,Facebook,Wholesale,Interests,hobby,3025,62,5237,2495,2,3490
2021-09-09,Google,Crazy discounts,Improvement,,1252,144,15992,3997,4,1581
2021-09-09,Google,Electronics,Narrow,discounts,6872,325,81840,67733,6,7924
2021-09-09,Google,Promos,Parents,discounts,5863,63,14588,8086,0,6189
2021-09-10,Facebook,Brand,Reach 2,recognition,195,2,8089,10551,0,207
2021-09-10,Facebook,Crazy discounts,Improvement,,1818,38,10746,6751,4,2271
2021-09-10,Facebook,Electronics,Narrow,discounts,42850,269,37540,71331,10,37057
2021-09-10,Facebook,Lookalike,Broad,you_might_like,15890,368,38919,15075,3,12886
2021-09-10,Facebook,Lookalike,Broad new,you_might_like,854,22,2166,1458,1,1290
2021-09-10,Facebook,Lookalike,Trending new,тренд,9917,170,34388,41365,4,8011
2021-09-10,Facebook,Promos,Parents,discounts,1427,165,23940,17188,2,3033
2021-09-10,Facebook,Wholesale,Interests,hobby,1764,66,10792,12427,1,1387
2021-09-10,Facebook,Wholesale,Clean,cheap,5951,25,8531,11553,0,5586
2021-09-10,Facebook,Wholesale,Wide,cheap,617,6,2929,1899,0,639
2021-09-10,Google,Crazy discounts,Improvement,,1411,115,10122,2271,2,1199
2021-09-10,Google,Electronics,Narrow,discounts,20913,209,72870,90820,3,16346
2021-09-10,Google,Promos,Parents,discounts,1595,75,11950,13653,1,1957
2021-09-10,Google,Wholesale,Wide,cheap,1590,19,1957,3833,0,1841
2021-09-10,Google,Wholesale,Clean,cheap,3987,25,4290,2966,1,2945
2021-09-10,Google,Wholesale,Interests,hobby,4325,18,1616,7262,1,5883
2021-09-11,Facebook,Brand,Reach 2,recognition,732,2,2833,11496,0,568
2021-09-11,Facebook,Crazy discounts,Improvement,,2083,193,10148,3713,2,2735
2021-09-11,Facebook,Electronics,Narrow,discounts,14119,159,26177,69820,5,13472
2021-09-11,Facebook,Lookalike,Broad new,you_might_like,306,6,464,1813,0,508
2021-09-11,Facebook,Lookalike,Broad,you_might_like,21751,132,55955,53406,8,24589
2021-09-11,Facebook,Promos,Parents,discounts,9834,103,33457,25617,1,20731
2021-09-11,Facebook,Wholesale,Clean,cheap,2395,43,11666,2828,1,3637
2021-09-11,Facebook,Wholesale,Wide,cheap,1292,10,1554,1158,0,1112
2021-09-11,Facebook,Wholesale,Interests,hobby,5665,26,12784,13012,3,6140
2021-09-11,Google,Crazy discounts,Improvement,,352,150,12621,1802,2,389
2021-09-11,Google,Electronics,Narrow,discounts,15909,285,73548,36262,3,18280
2021-09-11,Google,Promos,Parents,discounts,6742,206,20799,15906,1,9038
2021-09-11,Google,Wholesale,Interests,hobby,1211,50,4426,4879,2,1289
2021-09-12,Facebook,Crazy discounts,Improvement,,1535,345,8880,11701,0,1280
2021-09-12,Facebook,Electronics,Narrow,discounts,18960,306,77612,67948,9,18706
2021-09-12,Facebook,Lookalike,Broad,you_might_like,2640,108,47273,13647,12,4485
2021-09-12,Facebook,Lookalike,Trending new,тренд,5599,74,23973,45107,10,8467
2021-09-12,Facebook,Promos,Parents,discounts,6993,88,31789,31011,2,11903
2021-09-12,Facebook,Wholesale,Clean,cheap,4514,91,12155,4910,0,4405
2021-09-12,Google,Crazy discounts,Improvement,,747,194,9763,1859,0,770
2021-09-12,Google,Electronics,Narrow,discounts,17294,191,89694,26082,4,22804
2021-09-12,Google,Promos,Parents,discounts,8152,165,14733,11432,1,8531
2021-09-12,Google,Wholesale,Clean,cheap,6952,52,11888,10120,1,8421
2021-09-13,Facebook,Brand,Reach 2,recognition,132,1,11505,7442,0,153
2021-09-13,Facebook,Crazy discounts,Improvement,,1198,143,9856,7113,2,2084
2021-09-13,Facebook,Electronics,Narrow,discounts,13696,139,48660,46612,12,18500
2021-09-13,Facebook,Lookalike,Broad,you_might_like,4811,193,45608,19212,4,7045
2021-09-13,Facebook,Lookalike,Trending new,тренд,18484,313,61379,26566,3,21521
2021-09-13,Facebook,Lookalike,Broad new,you_might_like,1571,16,2714,4004,1,1647
2021-09-13,Facebook,Promos,Parents,discounts,2068,119,23664,14241,0,3842
2021-09-13,Facebook,Wholesale,Clean,cheap,4529,73,13075,9675,1,7773
2021-09-13,Facebook,Wholesale,Interests,hobby,6815,59,4866,3958,1,7293
2021-09-13,Facebook,Wholesale,Wide,cheap,2853,23,6216,5846,1,4455
2021-09-13,Google,Crazy discounts,Improvement,,1991,56,3714,10741,3,2660
2021-09-13,Google,Promos,Parents,discounts,11383,62,15425,32249,2,9343
2021-09-13,Google,Wholesale,Interests,hobby,1173,43,1729,5238,0,1322
2021-09-13,Google,Wholesale,Wide,cheap,2420,15,4982,5259,1,2689
2021-09-13,Google,Wholesale,Clean,cheap,2374,81,11336,1377,1,3524
2021-09-14,Facebook,Brand,Reach 2,recognition,173,5,15498,2805,0,130
2021-09-14,Facebook,Crazy discounts,Improvement,,2129,340,17551,6171,3,1780
2021-09-14,Facebook,Electronics,Narrow,discounts,31171,693,28902,33850,11,34737
2021-09-14,Facebook,Lookalike,Trending new,тренд,20387,376,13422,37084,13,34385
2021-09-14,Facebook,Promos,Parents,discounts,7065,210,22233,25964,2,13152
2021-09-14,Facebook,Wholesale,Clean,cheap,5184,61,9199,2791,2,6452
2021-09-14,Facebook,Wholesale,Interests,hobby,4864,22,12698,3646,1,4751
2021-09-14,Google,Crazy discounts,Improvement,,2881,317,6790,9014,2,2075
2021-09-14,Google,Electronics,Narrow,discounts,23932,534,50032,42578,2,26468
2021-09-14,Google,Promos,Parents,discounts,6315,101,12621,12838,3,5505
2021-09-14,Google,Wholesale,Interests,hobby,3694,33,2528,3516,3,3552
2021-09-14,Google,Wholesale,Wide,cheap,583,23,3627,2378,1,422
2021-09-14,Google,Wholesale,Clean,cheap,5724,27,6166,3874,0,6157
2021-09-15,Facebook,Brand,Reach 2,recognition,649,20,17004,23812,0,652
2021-09-15,Facebook,Electronics,Narrow,discounts,33908,327,15175,33942,0,36361
2021-09-15,Facebook,Lookalike,Broad new,you_might_like,387,14,1881,2420,0,397
2021-09-15,Facebook,Lookalike,Broad,you_might_like,15178,91,12178,30301,10,25105
2021-09-15,Facebook,Lookalike,Trending new,тренд,24338,509,51329,16561,11,40872
2021-09-15,Facebook,Promos,Parents,discounts,9241,149,8697,14130,1,12683
2021-09-15,Facebook,Wholesale,Wide,cheap,1132,21,1621,1344,0,1506
2021-09-15,Facebook,Wholesale,Clean,cheap,5468,27,5112,8477,0,6256
2021-09-15,Google,Crazy discounts,Improvement,,631,331,4122,9812,1,682
2021-09-15,Google,Electronics,Narrow,discounts,36435,88,8896,70414,0,41546
2021-09-15,Google,Promos,Parents,discounts,10912,92,22865,20414,1,7179
2021-09-15,Google,Wholesale,Wide,cheap,944,21,1887,1924,0,1238
2021-09-16,Facebook,Brand,Reach 2,recognition,1173,53,19546,30569,1,1702
2021-09-16,Facebook,Crazy discounts,Improvement,,3132,176,8984,8015,1,2362
2021-09-16,Facebook,Lookalike,Broad new,you_might_like,839,5,981,1043,0,734
2021-09-16,Facebook,Lookalike,Broad,you_might_like,9627,124,11334,20048,10,8364
2021-09-16,Facebook,Lookalike,Trending new,тренд,21099,345,42606,53755,7,16136
2021-09-16,Facebook,Promos,Parents,discounts,4996,148,32876,17583,0,8567
2021-09-16,Facebook,Wholesale,Wide,cheap,2399,19,1994,2083,0,3519
2021-09-16,Facebook,Wholesale,Interests,hobby,2679,27,5315,4713,0,4449
2021-09-16,Google,Crazy discounts,Improvement,,2372,150,16049,12475,1,2297
2021-09-16,Google,Electronics,Narrow,discounts,4438,235,12627,42533,6,3381
2021-09-16,Google,Promos,Parents,discounts,5754,40,12955,18452,5,5188
2021-09-16,Google,Wholesale,Wide,cheap,2756,4,3195,2152,1,3453
2021-09-17,Facebook,Brand,Reach 2,recognition,1848,37,23747,19410,0,3078
2021-09-17,Facebook,Crazy discounts,Improvement,,1630,257,7339,11030,3,1269
2021-09-17,Facebook,Lookalike,Broad,you_might_like,14371,286,37661,48028,0,24568
2021-09-17,Facebook,Lookalike,Trending new,тренд,6644,490,40842,21701,12,10594
2021-09-17,Facebook,Wholesale,Wide,cheap,2934,25,3294,5097,0,5131
2021-09-17,Facebook,Wholesale,Clean,cheap,8169,38,9032,8271,2,10570
2021-09-17,Facebook,Wholesale,Interests,hobby,2039,18,11358,10194,1,2454
2021-09-17,Google,Crazy discounts,Improvement,,1864,218,13964,8794,3,1434
2021-09-17,Google,Promos,Parents,discounts,7212,43,27453,23802,0,8055
2021-09-17,Google,Wholesale,Clean,cheap,4403,13,5662,7638,1,6035
2021-09-17,Google,Wholesale,Interests,hobby,3120,12,1475,1157,1,4660
2021-09-18,Facebook,Crazy discounts,Improvement,,1329,210,10352,10106,4,1023
2021-09-18,Facebook,Electronics,Narrow,discounts,29384,175,103177,40796,9,30755
2021-09-18,Facebook,Lookalike,Broad new,you_might_like,853,12,1556,982,1,976
2021-09-18,Facebook,Lookalike,Broad,you_might_like,10052,99,35673,45992,5,15142
2021-09-18,Facebook,Lookalike,Trending new,тренд,25885,103,12421,56669,15,22902
2021-09-18,Facebook,Promos,Parents,discounts,7795,315,36559,17648,1,15837
2021-09-18,Facebook,Wholesale,Clean,cheap,2752,26,9982,2232,1,4366
2021-09-18,Facebook,Wholesale,Interests,hobby,3643,68,8815,7663,0,4814
2021-09-18,Facebook,Wholesale,Wide,cheap,949,9,4391,1465,1,1558
2021-09-18,Google,Crazy discounts,Improvement,,2200,109,9353,3247,4,3106
2021-09-18,Google,Promos,Parents,discounts,8648,152,25141,20866,5,13938
2021-09-18,Google,Wholesale,Wide,cheap,1646,4,2504,1854,1,1094
2021-09-18,Google,Wholesale,Clean,cheap,2256,13,8576,7053,1,1912
2021-09-19,Facebook,Crazy discounts,Improvement,,1056,169,11184,3208,2,1378
2021-09-19,Facebook,Electronics,Narrow,discounts,6945,167,45907,94188,8,11479
2021-09-19,Facebook,Lookalike,Broad new,you_might_like,457,10,1857,383,1,617
2021-09-19,Facebook,Lookalike,Trending new,тренд,23459,510,71426,63597,3,35468
2021-09-19,Facebook,Lookalike,Broad,you_might_like,4063,383,36617,41011,3,4869
2021-09-19,Facebook,Promos,Parents,discounts,6606,185,42059,30932,3,14233
2021-09-19,Facebook,Wholesale,Clean,cheap,7557,46,4769,8352,3,7555
2021-09-19,Facebook,Wholesale,Wide,cheap,177,4,497,368,0,182
2021-09-19,Google,Crazy discounts,Improvement,,1952,80,11700,12691,2,1479
2021-09-19,Google,Electronics,Narrow,discounts,13671,499,62662,55445,1,13590
2021-09-19,Google,Promos,Parents,discounts,7731,94,8472,28592,1,8206
2021-09-19,Google,Wholesale,Wide,cheap,230,4,199,153,0,339
2021-09-20,Facebook,Crazy discounts,Improvement,,853,191,17385,13294,2,1268
2021-09-20,Facebook,Electronics,Narrow,discounts,34193,220,91531,80731,3,44745
2021-09-20,Facebook,Lookalike,Trending new,тренд,28343,290,20806,51452,1,27007
2021-09-20,Facebook,Lookalike,Broad new,you_might_like,1254,30,897,3291,1,1784
2021-09-20,Facebook,Promos,Parents,discounts,1999,184,11274,12239,0,3238
2021-09-20,Facebook,Wholesale,Interests,hobby,2472,83,7320,12127,2,3790
2021-09-20,Facebook,Wholesale,Wide,cheap,287,2,400,218,0,466
2021-09-20,Facebook,Wholesale,Clean,cheap,1843,109,3375,6794,3,1683
2021-09-20,Google,Crazy discounts,Improvement,,1502,93,1623,13179,1,1173
2021-09-20,Google,Electronics,Narrow,discounts,12608,154,52062,59530,6,18861
2021-09-20,Google,Promos,Parents,discounts,7471,163,17144,13418,2,7544
2021-09-20,Google,Wholesale,Interests,hobby,2071,65,3408,9632,2,3276
2021-09-20,Google,Wholesale,Clean,cheap,4803,55,5969,12007,0,6986
2021-09-21,Facebook,Crazy discounts,Improvement,,3100,102,12626,5910,1,4525
2021-09-21,Facebook,Electronics,Narrow,discounts,8784,247,53692,36474,9,11330
2021-09-21,Facebook,Lookalike,Broad,you_might_like,11920,378,9827,23975,3,19207
2021-09-21,Facebook,Lookalike,Trending new,тренд,23588,311,15553,26101,4,30995
2021-09-21,Facebook,Lookalike,Broad new,you_might_like,2116,34,2433,2027,1,3674
2021-09-21,Facebook,Promos,Parents,discounts,5310,151,7171,30409,1,6042
2021-09-21,Facebook,Wholesale,Clean,cheap,3463,26,16590,3926,0,3834
2021-09-21,Facebook,Wholesale,Wide,cheap,477,1,250,631,0,530
2021-09-21,Google,Electronics,Narrow,discounts,28966,256,12304,39225,2,36674
2021-09-21,Google,Promos,Parents,discounts,8476,245,4127,22093,1,7853
2021-09-21,Google,Wholesale,Interests,hobby,3440,25,4191,6849,1,5185
2021-09-21,Google,Wholesale,Clean,cheap,1854,38,6607,7245,1,1450
2021-09-22,Facebook,Crazy discounts,Improvement,,3016,57,7901,13811,0,4622
2021-09-22,Facebook,Electronics,Narrow,discounts,14651,206,18653,21434,1,13061
2021-09-22,Facebook,Lookalike,Broad new,you_might_like,1115,6,1580,2223,0,1713
2021-09-22,Facebook,Lookalike,Broad,you_might_like,1976,245,7551,7008,0,2196
2021-09-22,Facebook,Lookalike,Trending new,тренд,16413,205,37314,54130,5,17912
2021-09-22,Facebook,Promos,Parents,discounts,1882,155,45437,39972,5,3747
2021-09-22,Facebook,Wholesale,Interests,hobby,3306,17,2037,4032,0,5055
2021-09-22,Facebook,Wholesale,Clean,cheap,1904,65,6781,8670,0,1498
2021-09-22,Google,Crazy discounts,Improvement,,2914,153,12957,8026,0,3688
2021-09-22,Google,Electronics,Narrow,discounts,3665,175,21908,32591,4,2915
2021-09-22,Google,Promos,Parents,discounts,5385,114,31649,9392,0,5626
2021-09-23,Facebook,Crazy discounts,Improvement,,1852,159,9563,5445,3,2943
2021-09-23,Facebook,Electronics,Narrow,discounts,15883,145,34911,24341,2,13627
2021-09-23,Facebook,Lookalike,Broad new,you_might_like,1399,20,1011,1790,1,1524
2021-09-23,Facebook,Lookalike,Trending new,тренд,19439,431,64313,56558,18,33233
2021-09-23,Facebook,Wholesale,Interests,hobby,2325,57,9335,4458,1,1816
2021-09-23,Facebook,Wholesale,Wide,cheap,181,5,555,253,1,288
2021-09-23,Facebook,Wholesale,Clean,cheap,5280,42,7918,5761,1,7780
2021-09-23,Google,Crazy discounts,Improvement,,2543,73,2864,11787,2,3930
2021-09-23,Google,Electronics,Narrow,discounts,15997,193,19691,33502,0,25291
2021-09-23,Google,Wholesale,Clean,cheap,2960,25,9497,6414,0,3211
2021-09-23,Google,Wholesale,Interests,hobby,1205,63,3973,7595,1,1472
2021-09-23,Google,Wholesale,Wide,cheap,71,1,511,264,1,99
2021-09-24,Facebook,Electronics,Narrow,discounts,14048,110,8852,9747,4,17862
2021-09-24,Facebook,Lookalike,Trending new,тренд,19333,534,43104,20875,9,28390
2021-09-24,Facebook,Lookalike,Broad new,you_might_like,1110,9,1032,2394,1,1014
2021-09-24,Facebook,Promos,Parents,discounts,3397,368,47712,24857,1,7004
2021-09-24,Facebook,Wholesale,Clean,cheap,8412,78,8394,7854,2,9104
2021-09-24,Facebook,Wholesale,Interests,hobby,977,49,6404,1553,1,1398
2021-09-24,Facebook,Wholesale,Wide,cheap,67,2,44,109,0,56
2021-09-24,Google,Crazy discounts,Improvement,,903,139,1973,3095,2,1063
2021-09-24,Google,Electronics,Narrow,discounts,10053,249,21337,26439,4,7435
2021-09-24,Google,Wholesale,Interests,hobby,3784,14,1485,3507,1,5203
2021-09-25,Facebook,Crazy discounts,Improvement,,860,77,10434,3937,5,1202
2021-09-25,Facebook,Electronics,Narrow,discounts,10256,111,19884,29109,1,11918
2021-09-25,Facebook,Lookalike,Trending new,тренд,20670,123,13552,52873,10,34318
2021-09-25,Facebook,Lookalike,Broad,you_might_like,2259,302,16203,43001,4,1853
2021-09-25,Facebook,Lookalike,Broad new,you_might_like,1397,15,2034,2137,0,1113
2021-09-25,Facebook,Promos,Parents,discounts,5234,84,35994,16990,3,9036
2021-09-25,Facebook,Wholesale,Interests,hobby,1600,20,5348,1440,0,2548
2021-09-25,Facebook,Wholesale,Wide,cheap,35,0,98,47,0,35
2021-09-25,Facebook,Wholesale,Clean,cheap,5202,46,9607,5563,2,5163
2021-09-25,Google,Crazy discounts,Improvement,,1058,239,8899,12307,3,1720
2021-09-25,Google,Electronics,Narrow,discounts,20865,88,25782,27719,5,18365
2021-09-25,Google,Promos,Parents,discounts,10382,252,14135,6665,3,8095
2021-09-25,Google,Wholesale,Wide,cheap,14,0,31,58,0,23
2021-09-25,Google,Wholesale,Interests,hobby,2922,30,5542,4728,0,3869
2021-09-26,Facebook,Crazy discounts,Improvement,,973,184,6528,4278,5,736
2021-09-26,Facebook,Electronics,Narrow,discounts,15723,61,50578,19257,7,18157
2021-09-26,Facebook,Lookalike,Broad new,you_might_like,1058,7,2584,1880,1,1467
2021-09-26,Facebook,Lookalike,Broad,you_might_like,7250,282,42863,14006,0,11491
2021-09-26,Facebook,Lookalike,Trending new,тренд,21809,216,13231,40006,16,21651
2021-09-26,Facebook,Wholesale,Clean,cheap,4999,11,8419,2136,3,5944
2021-09-26,Facebook,Wholesale,Wide,cheap,23,0,51,73,0,19
2021-09-26,Facebook,Wholesale,Interests,hobby,6770,61,8530,8829,0,11603
2021-09-26,Google,Crazy discounts,Improvement,,647,183,5056,2536,2,629
2021-09-26,Google,Electronics,Narrow,discounts,18733,199,10788,27348,7,19927
2021-09-26,Google,Promos,Parents,discounts,11366,129,9608,33986,0,13977
2021-09-26,Google,Wholesale,Wide,cheap,22,0,51,59,0,28
2021-09-26,Google,Wholesale,Clean,cheap,3542,11,5627,6281,0,4405
2021-09-27,Facebook,Crazy discounts,Improvement,,754,72,7953,3549,3,763
2021-09-27,Facebook,Electronics,Narrow,discounts,21265,256,55474,13991,1,27720
2021-09-27,Facebook,Lookalike,Broad,you_might_like,9283,267,44640,7470,6,7048
2021-09-27,Facebook,Lookalike,Broad new,you_might_like,1292,46,1327,2532,1,1377
2021-09-27,Facebook,Promos,Parents,discounts,10888,208,43353,29742,2,22071
2021-09-27,Facebook,Wholesale,Clean,cheap,5540,40,5105,10382,3,9511
2021-09-27,Facebook,Wholesale,Wide,cheap,72,0,45,55,0,110
2021-09-27,Facebook,Wholesale,Interests,hobby,1066,76,7996,7949,3,1715
2021-09-27,Google,Crazy discounts,Improvement,,2877,89,8484,14018,2,3474
2021-09-27,Google,Promos,Parents,discounts,5419,57,25663,22434,6,4241
2021-09-27,Google,Wholesale,Wide,cheap,55,0,8,25,0,62
2021-09-27,Google,Wholesale,Interests,hobby,4406,47,3751,6023,3,6479
2021-09-27,Google,Wholesale,Clean,cheap,6333,46,2337,7690,1,5757
2021-09-28,Facebook,Electronics,Narrow,discounts,21217,268,54664,37795,2,18255
2021-09-28,Facebook,Lookalike,Broad new,you_might_like,1004,11,1921,643,1,1276
2021-09-28,Facebook,Lookalike,Trending new,тренд,25031,350,47300,42047,6,36300
2021-09-28,Facebook,Lookalike,Broad,you_might_like,5091,154,6474,18354,2,6927
2021-09-28,Facebook,Promos,Parents,discounts,8699,195,30284,37913,3,16310
2021-09-28,Facebook,Wholesale,Wide,cheap,33,0,26,48,0,57
2021-09-28,Facebook,Wholesale,Clean,cheap,6768,96,12182,13515,1,10973
2021-09-28,Facebook,Wholesale,Interests,hobby,4455,44,1679,7058,1,3928
2021-09-28,Google,Crazy discounts,Improvement,,649,98,9204,9855,2,510
2021-09-28,Google,Electronics,Narrow,discounts,13999,181,41281,14652,2,22799
2021-09-28,Google,Promos,Parents,discounts,3518,188,9382,30667,7,3240
2021-09-28,Google,Wholesale,Clean,cheap,1218,35,6540,6004,3,1830
2021-09-28,Google,Wholesale,Interests,hobby,540,22,4859,2980,1,685
2021-09-29,Facebook,Crazy discounts,Improvement,,3119,57,2975,10040,1,2453
2021-09-29,Facebook,Electronics,Narrow,discounts,13248,202,39496,27584,4,15404
2021-09-29,Facebook,Lookalike,Broad,you_might_like,6489,259,29582,34894,5,7050
2021-09-29,Facebook,Lookalike,Trending new,тренд,18522,226,27076,26960,12,25684
2021-09-29,Facebook,Lookalike,Broad new,you_might_like,338,27,2478,1263,0,560
2021-09-29,Facebook,Promos,Parents,discounts,4514,347,19110,32151,2,9007
2021-09-29,Facebook,Wholesale,Interests,hobby,2562,18,1052,3230,0,4173
2021-09-29,Facebook,Wholesale,Wide,cheap,14,0,74,84,0,18
2021-09-29,Facebook,Wholesale,Clean,cheap,2282,28,8758,3799,0,2723
2021-09-29,Google,Crazy discounts,Improvement,,2293,18,4333,6676,2,1997
2021-09-29,Google,Promos,Parents,discounts,12537,258,44257,17310,3,9321
2021-09-29,Google,Wholesale,Interests,hobby,1233,35,3050,1393,0,1676
2021-09-29,Google,Wholesale,Wide,cheap,23,0,17,49,0,16
2021-09-30,Facebook,Crazy discounts,Improvement,,1282,67,7269,3285,2,1911
2021-09-30,Facebook,Electronics,Narrow,discounts,17208,123,10531,43468,3,16983
2021-09-30,Facebook,Lookalike,Trending new,тренд,14527,206,46272,34866,13,20614
2021-09-30,Facebook,Lookalike,Broad,you_might_like,10374,424,20760,37784,11,12322
2021-09-30,Facebook,Lookalike,Broad new,you_might_like,662,11,440,549,0,657
2021-09-30,Facebook,Promos,Parents,discounts,3423,261,8863,31252,1,8088
2021-09-30,Facebook,Wholesale,Clean,cheap,2595,40,12461,4282,2,2956
2021-09-30,Facebook,Wholesale,Wide,cheap,72,0,106,55,0,113
2021-09-30,Facebook,Wholesale,Interests,hobby,1464,9,2518,2853,0,1975
2021-09-30,Google,Crazy discounts,Improvement,,1523,47,8887,5313,1,1341
2021-09-30,Google,Promos,Parents,discounts,1852,212,36015,24759,7,2161
2021-09-30,Google,Wholesale,Clean,cheap,4288,79,4031,5985,2,5414
2021-09-30,Google,Wholesale,Interests,hobby,3575,17,3357,1315,1,5272
2021-09-30,Google,Wholesale,Wide,cheap,49,0,34,13,0,81
2021-10-01,Facebook,Crazy discounts,Improvement,,2054,73,11606,12498,0,3207
2021-10-01,Facebook,Electronics,Narrow,discounts,20321,60,23187,18889,2,20726
2021-10-01,Facebook,Lookalike,Broad,you_might_like,5843,259,11697,42176,6,7612
2021-10-01,Facebook,Lookalike,Broad new,you_might_like,1119,9,1017,2322,1,925
2021-10-01,Facebook,Lookalike,Trending new,тренд,18438,89,17597,23339,6,30178
2021-10-01,Facebook,Wholesale,Interests,hobby,1880,8,4718,5338,0,2408
2021-10-01,Facebook,Wholesale,Clean,cheap,7606,29,10459,8694,1,8982
2021-10-01,Facebook,Wholesale,Wide,cheap,61,0,43,81,0,86
2021-10-01,Google,Electronics,Narrow,discounts,20800,59,28464,23208,5,17464
2021-10-01,Google,Wholesale,Clean,cheap,5043,70,8321,2247,2,8286
2021-10-01,Google,Wholesale,Wide,cheap,50,0,37,33,0,56
2021-10-02,Facebook,Crazy discounts,Improvement,,1048,131,7784,6006,0,1325
2021-10-02,Facebook,Electronics,Narrow,discounts,18991,273,23448,7222,1,30075
2021-10-02,Facebook,Lookalike,Broad new,you_might_like,1378,24,837,1944,0,2243
2021-10-02,Facebook,Lookalike,Broad,you_might_like,7741,158,42134,25855,1,11294
2021-10-02,Facebook,Lookalike,Trending new,тренд,22587,123,21475,12635,3,31970
2021-10-02,Facebook,Promos,Parents,discounts,9957,66,45919,23937,4,15219
2021-10-02,Facebook,Wholesale,Clean,cheap,3982,67,9867,3094,3,4779
2021-10-02,Facebook,Wholesale,Interests,hobby,1063,22,7331,5265,3,1537
2021-10-02,Facebook,Wholesale,Wide,cheap,43,0,21,27,0,67
2021-10-02,Google,Crazy discounts,Improvement,,1171,77,12276,1855,2,1538
2021-10-02,Google,Electronics,Narrow,discounts,7909,166,34178,11373,1,6423
2021-10-02,Google,Wholesale,Clean,cheap,6184,19,10011,9355,3,10075
2021-10-02,Google,Wholesale,Interests,hobby,1871,28,5714,971,1,1528
2021-10-03,Facebook,Electronics,Narrow,discounts,21796,317,34997,25580,2,19074
2021-10-03,Facebook,Lookalike,Broad new,you_might_like,923,4,1494,470,0,842
2021-10-03,Facebook,Lookalike,Broad,you_might_like,5809,334,23805,36387,3,6960
2021-10-03,Facebook,Lookalike,Trending new,тренд,10415,783,48498,25655,2,11087
2021-10-03,Facebook,Promos,Parents,discounts,12000,70,51678,16722,0,18586
2021-10-03,Facebook,Wholesale,Wide,cheap,12,0,36,19,0,12
2021-10-03,Facebook,Wholesale,Interests,hobby,4084,20,3599,4345,0,4374
2021-10-03,Google,Crazy discounts,Improvement,,1240,78,8292,7833,2,1579
2021-10-03,Google,Electronics,Narrow,discounts,17926,90,42276,24822,3,19062
2021-10-03,Google,Promos,Parents,discounts,14433,272,39805,31417,1,10424
2021-10-03,Google,Wholesale,Clean,cheap,2276,46,8290,1806,3,3487
2021-10-03,Google,Wholesale,Wide,cheap,17,0,20,20,0,20
2021-10-03,Google,Wholesale,Interests,hobby,2430,37,4554,1494,1,3845
2021-10-04,Facebook,Electronics,Narrow,discounts,18813,278,7884,33133,5,19918
2021-10-04,Facebook,Lookalike,Trending new,тренд,12392,148,8409,14339,10,11809
2021-10-04,Facebook,Lookalike,Broad,you_might_like,6381,146,35387,28868,7,5271
2021-10-04,Facebook,Lookalike,Broad new,you_might_like,717,13,919,640,1,1167
2021-10-04,Facebook,Promos,Parents,discounts,1535,227,25850,33385,2,3234
2021-10-04,Facebook,Wholesale,Wide,cheap,30,0,7,17,0,37
2021-10-04,Facebook,Wholesale,Interests,hobby,753,7,3393,906,1,920
2021-10-04,Google,Crazy discounts,Improvement,,204,62,6243,2590,2,208
2021-10-04,Google,Electronics,Narrow,discounts,13327,213,32370,26539,2,14609
2021-10-04,Google,Promos,Parents,discounts,2213,81,23141,24053,0,3346
2021-10-04,Google,Wholesale,Wide,cheap,27,0,15,19,0,42
2021-10-04,Google,Wholesale,Clean,cheap,5103,65,7845,2294,1,5236
2021-10-04,Google,Wholesale,Interests,hobby,2219,18,1242,1671,1,1651
2021-10-05,Facebook,Crazy discounts,Improvement,,931,87,13159,3867,3,1245
2021-10-05,Facebook,Electronics,Narrow,discounts,19977,255,27757,25861,3,26061
2021-10-05,Facebook,Lookalike,Broad,you_might_like,5814,142,37238,12436,11,7318
2021-10-05,Facebook,Lookalike,Trending new,тренд,20669,810,18786,22464,7,16387
2021-10-05,Facebook,Lookalike,Broad new,you_might_like,978,15,4861,822,1,1164
2021-10-05,Facebook,Promos,Parents,discounts,3209,129,8276,21485,2,6666
2021-10-05,Facebook,Wholesale,Interests,hobby,4188,50,5286,4656,2,6343
2021-10-05,Facebook,Wholesale,Clean,cheap,7233,27,6247,13423,1,7833
2021-10-05,Facebook,Wholesale,Wide,cheap,11,0,54,30,0,13
2021-10-05,Google,Crazy discounts,Improvement,,356,87,3497,3516,3,436
2021-10-05,Google,Promos,Parents,discounts,916,35,17432,3418,1,699
2021-10-05,Google,Wholesale,Interests,hobby,612,31,5711,2743,1,610
2021-10-05,Google,Wholesale,Clean,cheap,5712,105,11199,6680,4,8521
2021-10-05,Google,Wholesale,Wide,cheap,10,0,21,13,0,15
2021-10-06,Facebook,Crazy discounts,Improvement,,547,91,9092,10978,1,694
2021-10-06,Facebook,Electronics,Narrow,discounts,20183,100,16656,38761,2,19872
2021-10-06,Facebook,Lookalike,Trending new,тренд,26943,474,67627,67340,12,26373
2021-10-06,Facebook,Lookalike,Broad new,you_might_like,1808,16,2587,804,1,2093
2021-10-06,Facebook,Lookalike,Broad,you_might_like,7562,310,55838,7843,1,10972
2021-10-06,Facebook,Promos,Parents,discounts,0,0,0,0,0,0
2021-10-06,Facebook,Wholesale,Clean,cheap,8360,26,14595,11070,2,7564
2021-10-06,Facebook,Wholesale,Interests,,3715,9,5693,8044,1,3163
2021-10-06,Facebook,Wholesale,Wide,cheap,42,2,41,51,0,47
2021-10-06,Google,Crazy discounts,Improvement,,416,60,2019,4957,1,325
2021-10-06,Google,Electronics,Narrow,discounts,6408,235,41624,16086,5,8208
2021-10-06,Google,Wholesale,Clean,cheap,7241,27,10884,6128,2,6264
2021-10-06,Google,Wholesale,Wide,cheap,9,0,13,22,0,13
2021-10-07,Facebook,Crazy discounts,Improvement,,1461,58,8757,13904,3,1335
2021-10-07,Facebook,Electronics,Narrow,discounts,5786,110,37935,25632,6,7302
2021-10-07,Facebook,Lookalike,Trending new,тренд,19906,594,44105,21111,5,25520
2021-10-07,Facebook,Promos,Parents,discounts,0,0,0,0,0,0
2021-10-07,Facebook,Wholesale,Interests,hobby,1555,14,8551,6593,0,1762
2021-10-07,Facebook,Wholesale,Wide,cheap,32,0,44,48,0,34
2021-10-07,Google,Crazy discounts,Improvement,,2683,16,5620,1966,3,3460
2021-10-07,Google,Electronics,Narrow,discounts,4979,118,23534,34962,1,6899
2021-10-07,Google,Promos,Parents,discounts,0,0,0,0,0,0
2021-10-07,Google,Wholesale,Interests,hobby,1885,32,2006,1376,1,3108
2021-10-08,Facebook,Electronics,Narrow,discounts,15902,50,19270,20329,4,13456
2021-10-08,Facebook,Lookalike,Broad,you_might_like,2912,98,35537,31910,1,4295
2021-10-08,Facebook,Lookalike,Trending new,тренд,22179,288,61444,46241,7,29311
2021-10-08,Facebook,Lookalike,Broad new,you_might_like,1413,6,2633,1294,1,2048
2021-10-08,Facebook,Wholesale,Interests,hobby,3492,34,3039,7843,0,3278
2021-10-08,Facebook,Wholesale,Wide,cheap,219,1,277,144,0,223
2021-10-08,Facebook,Wholesale,Clean,cheap,4924,47,11039,10028,1,7447
2021-10-08,Google,Electronics,Narrow,discounts,12542,214,45048,13262,3,12973
2021-10-08,Google,Wholesale,Interests,hobby,1482,38,4519,5377,0,2443
2021-10-08,Google,Wholesale,Wide,cheap,39,4,402,355,0,57
2021-10-09,Facebook,Crazy discounts,Improvement,,1495,127,4972,14453,3,1810
2021-10-09,Facebook,Electronics,Narrow,discounts,17943,197,47257,31152,3,16487
2021-10-09,Facebook,Lookalike,Broad,you_might_like,12049,293,26208,38457,9,9200
2021-10-09,Facebook,Lookalike,Trending new,тренд,28302,284,58488,13995,3,22855
2021-10-09,Facebook,Lookalike,Broad new,you_might_like,1187,33,862,3077,0,1165
2021-10-09,Facebook,Promos,Parents,discounts,0,0,0,0,0,0
2021-10-09,Facebook,Wholesale,Clean,cheap,5829,79,4203,8477,1,8133
2021-10-09,Facebook,Wholesale,Wide,cheap,85,1,74,71,0,115
2021-10-09,Facebook,Wholesale,Interests,hobby,3619,12,4532,5839,1,5688
2021-10-09,Google,Crazy discounts,Improvement,,1637,146,8972,10819,2,1125
2021-10-09,Google,Promos,Parents,discounts,0,0,0,0,0,0
2021-10-09,Google,Wholesale,Interests,hobby,4097,31,4044,4330,0,5433
2021-10-09,Google,Wholesale,Wide,cheap,43,0,72,81,0,68
2021-10-09,Google,Wholesale,Clean,cheap,6543,68,9020,2070,2,5047
2021-10-10,Facebook,Crazy discounts,Improvement,,3354,111,4311,4597,1,2740
2021-10-10,Facebook,Electronics,Narrow,discounts,23531,54,37014,33809,1,27500
2021-10-10,Facebook,Lookalike,Trending new,тренд,4943,634,76010,40320,5,5211
2021-10-10,Facebook,Lookalike,Broad,you_might_like,13334,188,45648,12145,1,15048
2021-10-10,Facebook,Wholesale,Clean,cheap,3128,36,2372,8553,1,3722
2021-10-10,Facebook,Wholesale,Wide,cheap,1138,18,1520,3421,0,1855
2021-10-10,Facebook,Wholesale,Interests,hobby,3519,10,1641,2262,0,3617
2021-10-10,Google,Crazy discounts,Improvement,,1383,23,11206,3710,1,1048
2021-10-10,Google,Electronics,Narrow,discounts,2715,163,67161,52530,6,2366
2021-10-10,Google,Wholesale,Interests,hobby,2321,3,4331,2556,0,2619
2021-10-10,Google,Wholesale,Clean,cheap,3570,41,3412,903,2,4202
2021-10-10,Google,Wholesale,Wide,cheap,2139,17,635,1751,0,2382
2021-10-11,Facebook,Crazy discounts,Improvement,,2124,57,13158,9288,2,2776
2021-10-11,Facebook,Lookalike,Broad,you_might_like,5847,97,9905,27968,5,5215
2021-10-11,Facebook,Lookalike,Broad new,you_might_like,1519,29,1741,2420,1,2463
2021-10-11,Facebook,Lookalike,Trending new,тренд,20140,606,44612,66008,10,32833
2021-10-11,Facebook,Wholesale,Clean,cheap,4268,35,11549,12283,1,6725
2021-10-11,Facebook,Wholesale,Wide,cheap,651,8,1214,1180,0,744
2021-10-11,Google,Crazy discounts,Improvement,,2537,31,7760,6837,3,3341
2021-10-11,Google,Wholesale,Clean,cheap,2526,61,10479,3721,1,2332
2021-10-11,Google,Wholesale,Interests,hobby,3002,25,4751,1056,2,2119
2021-10-12,Facebook,Crazy discounts,Improvement,,1218,108,8176,6932,0,1372
2021-10-12,Facebook,Electronics,Narrow,discounts,21100,346,41471,60076,1,26406
2021-10-12,Facebook,Lookalike,Broad new,you_might_like,712,5,2467,3934,0,858
2021-10-12,Facebook,Lookalike,Trending new,тренд,7843,496,39513,34995,2,10420
2021-10-12,Facebook,Lookalike,Broad,you_might_like,5799,67,17145,22838,1,6769
2021-10-12,Facebook,Wholesale,Interests,hobby,3738,11,5299,3463,1,4090
2021-10-12,Facebook,Wholesale,Wide,cheap,1270,26,2064,2217,1,2156
2021-10-12,Facebook,Wholesale,Clean,cheap,5506,44,9000,8210,2,4797
2021-10-12,Google,Crazy discounts,Improvement,,1252,19,5415,4971,1,1172
2021-10-12,Google,Electronics,Narrow,discounts,8136,69,10801,9346,5,7399
2021-10-12,Google,Wholesale,Wide,cheap,1427,22,2768,1196,1,1864
2021-10-12,Google,Wholesale,Clean,cheap,4859,21,4880,4656,3,5106
2021-10-12,Google,Wholesale,Interests,hobby,1205,12,1391,4317,1,1373
2021-10-13,Facebook,Crazy discounts,Improvement,,1521,24,3867,1805,0,2415
2021-10-13,Facebook,Electronics,Narrow,discounts,16800,244,26134,21614,8,27915
2021-10-13,Facebook,Lookalike,Trending new,тренд,23172,1247,37279,64006,12,38578
2021-10-13,Facebook,Lookalike,Broad new,you_might_like,2548,8,1683,1289,2,3286
2021-10-13,Facebook,Lookalike,Broad,you_might_like,9000,134,7360,17054,9,9812
2021-10-13,Facebook,Wholesale,Clean,cheap,7188,56,6488,6796,1,8131
2021-10-13,Facebook,Wholesale,Interests,hobby,1868,28,2283,4865,1,3052
2021-10-13,Facebook,Wholesale,Wide,cheap,1898,8,2347,2216,1,1974
2021-10-13,Google,Electronics,Narrow,discounts,4294,89,16593,17753,2,5311
2021-10-13,Google,Wholesale,Interests,hobby,1966,6,844,2393,1,2799
2021-10-13,Google,Wholesale,Wide,cheap,1755,3,668,438,1,1153
2021-10-14,Facebook,Brand,Spotlight,бренд,20,0,123,144,0,26
2021-10-14,Facebook,Crazy discounts,Improvement,,1544,34,2705,1722,0,1384
2021-10-14,Facebook,Electronics,Narrow,discounts,17863,216,35283,22041,8,19666
2021-10-14,Facebook,Lookalike,Broad new,you_might_like,720,37,1542,1439,1,669
2021-10-14,Facebook,Lookalike,Trending new,тренд,7382,793,10779,69637,8,11401
2021-10-14,Facebook,Lookalike,Broad,you_might_like,12131,347,20855,37779,7,20579
2021-10-14,Facebook,Wholesale,Wide,cheap,2228,7,2727,1858,1,2251
2021-10-14,Facebook,Wholesale,Interests,hobby,1380,33,4933,4252,0,2343
2021-10-14,Facebook,Wholesale,Clean,cheap,6025,30,9730,3561,2,5994
2021-10-14,Google,Crazy discounts,Improvement,,279,20,3344,3436,0,239
2021-10-14,Google,Electronics,Narrow,discounts,3491,139,63367,21088,6,3545
2021-10-14,Google,Wholesale,Clean,cheap,6279,33,2954,5897,3,8738
2021-10-14,Google,Wholesale,Interests,hobby,1404,6,2287,1396,0,1766
2021-10-14,Google,Wholesale,Wide,cheap,2047,13,817,1248,0,2740
2021-10-15,Facebook,Brand,Spotlight,бренд,129,0,55,109,0,222
2021-10-15,Facebook,Crazy discounts,Improvement,,694,60,2407,1354,1,619
2021-10-15,Facebook,Electronics,Narrow,discounts,16684,224,23882,27725,0,24835
2021-10-15,Facebook,Lookalike,Broad new,you_might_like,1658,30,669,2511,1,1649
2021-10-15,Facebook,Lookalike,Broad,you_might_like,8631,324,34719,37116,10,14606
2021-10-15,Facebook,Lookalike,Trending new,тренд,6573,176,36831,23761,14,8932
2021-10-15,Facebook,Wholesale,Wide,cheap,1053,17,1998,980,0,1299
2021-10-15,Facebook,Wholesale,Interests,hobby,2721,11,5304,4643,0,3947
2021-10-15,Facebook,Wholesale,Clean,cheap,2027,16,3114,11646,0,1751
2021-10-15,Google,Electronics,Narrow,discounts,18973,162,16915,37395,1,28675
2021-10-15,Google,Wholesale,Interests,hobby,3002,5,576,4517,1,3630
2021-10-15,Google,Wholesale,Wide,cheap,1403,10,2075,483,0,1390
2021-10-15,Google,Wholesale,Clean,cheap,786,25,8537,9063,2,815
2021-10-16,Facebook,Brand,Spotlight,бренд,65,0,131,35,0,66
2021-10-16,Facebook,Crazy discounts,Improvement,,1253,40,3352,7580,1,1717
2021-10-16,Facebook,Electronics,Narrow,discounts,10673,315,67637,37759,7,18636
2021-10-16,Facebook,Lookalike,Trending new,тренд,8454,812,26122,15884,5,14126
2021-10-16,Facebook,Lookalike,Broad,you_might_like,9771,164,52968,24338,13,12816
2021-10-16,Facebook,Lookalike,Broad new,you_might_like,1524,6,538,2499,0,1582
2021-10-16,Facebook,Wholesale,Wide,cheap,301,15,923,357,0,495
2021-10-16,Facebook,Wholesale,Interests,hobby,1936,11,6651,6429,1,1868
2021-10-16,Google,Crazy discounts,Improvement,,557,31,4739,3827,1,612
2021-10-16,Google,Electronics,Narrow,discounts,6262,148,41201,57977,1,4921
2021-10-16,Google,Wholesale,Wide,cheap,216,9,509,521,0,281
2021-10-16,Google,Wholesale,Interests,hobby,1421,27,2018,2423,1,1014
2021-10-16,Google,Wholesale,Clean,cheap,2251,44,2392,4341,2,1835
2021-10-17,Facebook,Brand,Spotlight,бренд,13,0,42,42,0,19
2021-10-17,Facebook,Crazy discounts,Improvement,,1421,51,1571,3021,2,1308
2021-10-17,Facebook,Electronics,Narrow,discounts,22774,122,56081,61306,3,35231
2021-10-17,Facebook,Lookalike,Broad,you_might_like,5716,272,18160,47921,14,4586
2021-10-17,Facebook,Lookalike,Broad new,you_might_like,933,20,1926,1768,1,1285
2021-10-17,Facebook,Lookalike,Trending new,тренд,13234,327,30243,19469,10,20581
2021-10-17,Facebook,Wholesale,Interests,hobby,2024,13,4401,2661,0,1942
2021-10-17,Facebook,Wholesale,Wide,cheap,1992,10,5119,2767,0,3466
2021-10-17,Facebook,Wholesale,Clean,cheap,3519,32,6716,2816,1,2734
2021-10-17,Google,Crazy discounts,Improvement,,1375,48,4422,5068,1,2048
2021-10-17,Google,Electronics,Narrow,discounts,6221,224,29798,17378,6,9206
2021-10-17,Google,Wholesale,Clean,cheap,4582,18,2177,6282,1,6148
2021-10-17,Google,Wholesale,Interests,hobby,1018,7,3110,1767,0,1599
2021-10-17,Google,Wholesale,Wide,cheap,2442,15,4751,2312,1,3394
2021-10-18,Facebook,Crazy discounts,Improvement,,1220,59,3141,5130,1,1020
2021-10-18,Facebook,Electronics,Narrow,discounts,4867,79,3794,9132,1,3894
2021-10-18,Facebook,Lookalike,Trending new,тренд,16630,707,30167,14240,9,23504
2021-10-18,Facebook,Lookalike,Broad,you_might_like,4106,178,32401,65926,5,5353
2021-10-18,Facebook,Wholesale,Interests,hobby,3230,26,7796,4481,1,3776
2021-10-18,Facebook,Wholesale,Wide,cheap,2608,6,4591,1232,1,3320
2021-10-18,Facebook,Wholesale,Clean,cheap,1461,22,1966,4891,1,1506
2021-10-18,Google,Crazy discounts,Improvement,,1158,39,5541,1626,0,1766
2021-10-18,Google,Electronics,Narrow,discounts,2873,43,10140,2750,0,3415
2021-10-18,Google,Wholesale,Interests,hobby,1376,37,1120,6269,1,921
2021-10-18,Google,Wholesale,Clean,cheap,1622,28,2223,4131,1,1988
2021-10-18,Google,Wholesale,Wide,cheap,1672,28,4210,2144,0,1549
2021-10-19,Facebook,Crazy discounts,Improvement,,709,39,5830,5597,0,1171
2021-10-19,Facebook,Electronics,Narrow,discounts,0,0,0,0,0,0
2021-10-19,Facebook,Lookalike,Broad,you_might_like,9441,185,49790,48871,1,15943
2021-10-19,Facebook,Lookalike,Trending new,тренд,20926,506,62200,51259,5,24465
2021-10-19,Facebook,Lookalike,Broad new,you_might_like,1450,32,1898,1376,0,2241
2021-10-19,Facebook,Wholesale,Clean,cheap,1247,19,1905,2381,1,1441
2021-10-19,Facebook,Wholesale,Wide,cheap,1646,37,1223,494,1,1478
2021-10-19,Google,Electronics,Narrow,discounts,0,0,0,0,0,0
2021-10-19,Google,Wholesale,Interests,hobby,899,26,6333,2906,1,755
2021-10-19,Google,Wholesale,Clean,cheap,3681,60,5646,4159,0,4447
2021-10-19,Google,Wholesale,Wide,cheap,1292,6,2893,1148,0,901
2021-10-20,Facebook,Crazy discounts,Improvement,,1231,19,8550,5734,2,2047
2021-10-20,Facebook,Electronics,Narrow,discounts,0,0,0,0,0,0
2021-10-20,Facebook,Lookalike,Broad,you_might_like,17979,159,35853,19715,2,23660
2021-10-20,Facebook,Lookalike,Broad new,you_might_like,1487,52,4006,2096,1,2261
2021-10-20,Facebook,Lookalike,Trending new,тренд,19261,196,41090,43151,9,28238
2021-10-20,Facebook,Wholesale,Interests,hobby,3093,6,1903,3279,1,4524
2021-10-20,Facebook,Wholesale,Clean,cheap,2248,33,4517,2601,0,2896
2021-10-20,Facebook,Wholesale,Wide,cheap,563,11,1838,670,0,840
2021-10-20,Google,Crazy discounts,Improvement,,602,62,3762,3337,1,814
2021-10-20,Google,Wholesale,Clean,cheap,2216,17,3782,3226,1,1467
2021-10-20,Google,Wholesale,Interests,hobby,476,3,5880,1108,1,369
2021-10-20,Google,Wholesale,Wide,cheap,1009,5,2315,1485,0,906
2021-10-21,Facebook,Crazy discounts,Improvement,,394,67,4372,5253,0,579
2021-10-21,Facebook,Electronics,Narrow,discounts,0,0,0,0,0,0
2021-10-21,Facebook,Lookalike,Trending new,тренд,19503,866,54308,40060,4,18032
2021-10-21,Facebook,Lookalike,Broad new,you_might_like,1954,26,2378,1089,0,1497
2021-10-21,Facebook,Lookalike,Broad,you_might_like,15186,380,30582,25375,14,22212
2021-10-21,Facebook,Wholesale,Wide,cheap,2000,16,1576,2286,1,2299
2021-10-21,Facebook,Wholesale,Clean,cheap,2108,29,4780,5883,1,1604
2021-10-21,Facebook,Wholesale,Interests,hobby,2893,37,3659,3685,1,3855
2021-10-21,Google,Crazy discounts,Improvement,,236,34,1935,4196,1,380
2021-10-21,Google,Electronics,Narrow,discounts,0,0,0,0,0,0
2021-10-21,Google,Wholesale,Interests,hobby,747,19,2187,1509,1,578
2021-10-21,Google,Wholesale,Wide,cheap,374,13,921,657,1,546
2021-10-21,Google,Wholesale,Clean,cheap,2491,28,1168,3792,1,3905
2021-10-22,Facebook,Electronics,Narrow,discounts,0,0,0,0,0,0
2021-10-22,Facebook,Lookalike,Broad,you_might_like,17285,318,50870,47056,5,27178
2021-10-22,Facebook,Lookalike,Broad new,you_might_like,677,47,3693,5836,0,739
2021-10-22,Facebook,Lookalike,Trending new,тренд,12680,372,44789,19444,11,14837
2021-10-22,Facebook,Wholesale,Wide,cheap,1354,8,739,3097,1,1845
2021-10-22,Facebook,Wholesale,Interests,hobby,1845,38,2271,3800,1,2726
2021-10-22,Facebook,Wholesale,Clean,cheap,2738,42,3616,6938,0,4004
2021-10-22,Google,Electronics,Narrow,discounts,0,0,0,0,0,0
2021-10-22,Google,Wholesale,Wide,cheap,1222,10,1514,555,1,1573
2021-10-22,Google,Wholesale,Clean,cheap,1187,37,3779,682,0,1639
2021-10-22,Google,Wholesale,Interests,hobby,1685,22,4056,4579,0,2620
2021-10-23,Facebook,Lookalike,Broad new,you_might_like,2108,30,3442,2969,2,1937
2021-10-23,Facebook,Lookalike,Trending new,тренд,6818,564,24534,10792,9,10395
2021-10-23,Facebook,Lookalike,Broad,you_might_like,9976,427,69311,47468,3,9849
2021-10-23,Facebook,Wholesale,Clean,cheap,2420,26,4039,3369,0,2106
2021-10-23,Facebook,Wholesale,Interests,hobby,1840,57,7311,5404,0,1775
2021-10-23,Facebook,Wholesale,Wide,cheap,390,10,1706,2114,0,561
2021-10-23,Google,Crazy discounts,Improvement,,1228,42,5417,3066,1,1338
2021-10-23,Google,Wholesale,Wide,cheap,1249,14,2173,834,1,1479
2021-10-23,Google,Wholesale,Interests,hobby,1416,8,3418,5976,1,1351
2021-10-24,Facebook,Crazy discounts,Improvement,,1630,65,2115,3555,1,2225
2021-10-24,Facebook,Lookalike,Broad new,you_might_like,2067,94,5020,5158,2,1962
2021-10-24,Facebook,Lookalike,Trending new,тренд,10800,290,10230,46309,3,9323
2021-10-24,Facebook,Lookalike,Broad,you_might_like,16699,377,64130,52912,12,13711
2021-10-24,Facebook,Wholesale,Wide,cheap,313,4,3077,1588,1,290
2021-10-24,Facebook,Wholesale,Interests,hobby,1517,39,3991,6366,0,1411
2021-10-24,Facebook,Wholesale,Clean,cheap,2815,15,1684,3654,1,4852
2021-10-24,Google,Crazy discounts,Improvement,,1067,11,2084,4675,1,1599
2021-10-24,Google,Wholesale,Wide,cheap,1425,20,1039,2235,0,1062
2021-10-24,Google,Wholesale,Interests,hobby,394,27,3176,4531,1,256
2021-10-24,Google,Wholesale,Clean,cheap,590,21,930,3762,0,878
2021-10-25,Facebook,Crazy discounts,Improvement,,376,26,2713,1880,0,458
2021-10-25,Facebook,Lookalike,Trending new,тренд,10253,392,40813,53112,7,13871
2021-10-25,Facebook,Lookalike,Broad,you_might_like,12504,346,39229,32614,4,16384
2021-10-25,Facebook,Lookalike,Broad new,you_might_like,5537,40,9884,5981,3,4887
2021-10-25,Facebook,Wholesale,Clean,cheap,1009,9,5247,1742,1,1456
2021-10-25,Facebook,Wholesale,Wide,cheap,1703,14,3833,952,0,2526
2021-10-25,Facebook,Wholesale,Interests,hobby,1450,36,3658,6193,0,1290
2021-10-25,Google,Crazy discounts,Improvement,,313,11,1404,381,0,470
2021-10-25,Google,Wholesale,Interests,hobby,2077,9,6242,1167,0,1527
2021-10-25,Google,Wholesale,Wide,cheap,1260,17,1067,358,1,1496
2021-10-25,Google,Wholesale,Clean,cheap,1025,24,3969,4166,1,1302
2021-10-26,Facebook,Lookalike,Broad,you_might_like,8557,336,49818,7789,0,14085
2021-10-26,Facebook,Lookalike,Trending new,тренд,6066,294,44025,46327,9,4695
2021-10-26,Facebook,Lookalike,Broad new,you_might_like,6784,102,3663,6073,1,8746
2021-10-26,Facebook,Wholesale,Clean,cheap,1523,31,3658,4907,1,2323
2021-10-26,Facebook,Wholesale,Wide,cheap,808,20,723,3159,1,667
2021-10-26,Facebook,Wholesale,Interests,hobby,2016,34,2821,2421,0,2300
2021-10-26,Google,Wholesale,Wide,cheap,842,23,1004,3230,1,1267
2021-10-26,Google,Wholesale,Interests,hobby,1331,9,4327,3689,1,1997
2021-10-27,Facebook,Lookalike,Broad,you_might_like,4243,415,11401,23125,9,3323
2021-10-27,Facebook,Lookalike,Broad new,you_might_like,3990,88,1334,1658,2,6643
2021-10-27,Facebook,Lookalike,Trending new,тренд,5960,417,45571,48510,6,8658
2021-10-27,Facebook,Wholesale,Wide,cheap,309,19,724,2255,0,316
2021-10-27,Facebook,Wholesale,Interests,hobby,905,11,3933,1630,1,1088
2021-10-27,Facebook,Wholesale,Clean,cheap,3220,22,1593,5470,0,2679
2021-10-27,Google,Wholesale,Clean,cheap,401,12,2019,4412,1,295
2021-10-27,Google,Wholesale,Wide,cheap,598,3,1419,2444,1,691
2021-10-28,Facebook,Lookalike,Trending new,тренд,19969,166,41699,47717,6,26741
2021-10-28,Facebook,Lookalike,Broad new,you_might_like,1593,83,3624,4553,0,1604
2021-10-28,Facebook,Lookalike,Broad,you_might_like,15604,352,10934,48168,6,18274
2021-10-28,Facebook,Wholesale,Interests,hobby,1351,21,2491,1206,0,2224
2021-10-28,Facebook,Wholesale,Wide,cheap,794,8,3155,2103,1,716
2021-10-28,Facebook,Wholesale,Clean,cheap,1082,46,5412,5644,2,842
2021-10-28,Google,Wholesale,Wide,cheap,378,5,3010,2061,1,345
2021-10-29,Facebook,Lookalike,Broad new,you_might_like,2481,104,1723,1102,1,3361
2021-10-29,Facebook,Lookalike,Broad,you_might_like,11741,513,45212,21105,13,14570
2021-10-29,Facebook,Wholesale,Clean,cheap,3191,38,1745,5944,2,5530
2021-10-29,Facebook,Wholesale,Wide,cheap,858,18,1844,1092,1,1327
2021-10-29,Facebook,Wholesale,Interests,hobby,1292,6,5912,6566,0,1106
2021-10-29,Google,Wholesale,Clean,cheap,1990,13,3230,4725,2,1810
2021-10-29,Google,Wholesale,Interests,hobby,611,11,1557,2742,0,790
2021-10-30,Facebook,Lookalike,Broad,you_might_like,14397,430,18870,54901,10,22900
2021-10-30,Facebook,Lookalike,Broad new,you_might_like,800,42,4413,4686,1,1245
2021-10-30,Facebook,Lookalike,Trending new,тренд,7513,145,21752,10790,3,11773
2021-10-30,Facebook,Wholesale,Clean,cheap,2500,22,5662,5569,0,4347
2021-10-30,Facebook,Wholesale,Wide,cheap,231,6,489,2141,1,269
2021-10-30,Facebook,Wholesale,Interests,hobby,2276,16,1687,5374,1,2917
2021-10-30,Google,Wholesale,Clean,cheap,684,9,5670,5518,0,794
2021-10-30,Google,Wholesale,Wide,cheap,147,7,391,366,0,184
2021-10-31,Facebook,Lookalike,Broad,you_might_like,7564,737,11640,12397,4,12518
2021-10-31,Facebook,Lookalike,Trending new,тренд,13052,179,9701,48129,8,18957
2021-10-31,Facebook,Lookalike,Broad new,you_might_like,1910,21,3705,2532,0,3212
2021-10-31,Facebook,Wholesale,Wide,cheap,1958,13,2799,975,1,2922
2021-10-31,Facebook,Wholesale,Interests,hobby,2108,26,2301,3472,0,3476
2021-10-31,Google,Wholesale,Wide,cheap,1229,11,2457,3102,0,1308
2021-11-01,Facebook,Lookalike,Broad new,you_might_like,843,153,8476,5672,2,954
2021-11-01,Facebook,Lookalike,Broad,you_might_like,3904,812,69692,65198,17,5558
2021-11-01,Facebook,Wholesale,Clean,cheap,1814,42,3461,6036,1,1886
2021-11-01,Facebook,Wholesale,Wide,cheap,1501,19,1494,3048,0,1280
2021-11-01,Facebook,Wholesale,Interests,hobby,3589,23,7531,1599,2,6009
2021-11-01,Google,Wholesale,Wide,cheap,293,6,1184,2293,0,262
2021-11-01,Google,Wholesale,Interests,hobby,2702,36,811,5723,1,2371
2021-11-01,Google,Wholesale,Clean,cheap,963,6,3360,6014,1,647
2021-11-02,Facebook,Lookalike,Broad,you_might_like,11565,227,25292,44941,10,12675
2021-11-02,Facebook,Lookalike,Trending new,тренд,2862,450,35523,17073,5,4005
2021-11-02,Facebook,Wholesale,Wide,cheap,1788,18,5173,3812,0,1815
2021-11-02,Facebook,Wholesale,Clean,cheap,2907,13,2194,2036,1,2270
2021-11-02,Facebook,Wholesale,Interests,hobby,2057,36,2664,2116,0,1673
2021-11-02,Google,Wholesale,Wide,cheap,248,43,3161,2816,1,186
2021-11-03,Facebook,Lookalike,Broad new,you_might_like,1517,101,8592,7057,0,2101
2021-11-03,Facebook,Lookalike,Broad,you_might_like,13243,189,61095,45837,6,19968
2021-11-03,Facebook,Lookalike,Trending new,тренд,6105,496,49744,43409,10,4728
2021-11-03,Facebook,Wholesale,Interests,hobby,357,10,748,3218,0,360
2021-11-03,Facebook,Wholesale,Wide,cheap,1680,47,3293,900,1,1978
2021-11-03,Facebook,Wholesale,Clean,cheap,1516,24,6415,2189,0,2609
2021-11-03,Google,Wholesale,Interests,hobby,1324,11,1333,2046,0,949
2021-11-03,Google,Wholesale,Clean,cheap,1566,30,4034,5203,1,2295
2021-11-04,Facebook,Lookalike,Broad,you_might_like,14717,272,15935,39742,3,13712
2021-11-04,Facebook,Lookalike,Trending new,тренд,4587,536,43547,7971,10,4692
2021-11-04,Facebook,Lookalike,Broad new,you_might_like,3094,83,2368,4063,2,3805
2021-11-04,Facebook,Wholesale,Clean,cheap,2625,28,4719,6019,1,4186
2021-11-04,Facebook,Wholesale,Wide,cheap,886,39,4303,821,0,1372
2021-11-04,Facebook,Wholesale,Interests,hobby,603,11,3199,5221,1,511
2021-11-04,Google,Wholesale,Clean,cheap,2160,14,1982,2408,0,3128
2021-11-04,Google,Wholesale,Interests,hobby,1214,39,4451,4397,2,891
2021-11-05,Facebook,Lookalike,Broad,you_might_like,8226,452,42970,56667,5,12572
2021-11-05,Facebook,Lookalike,Trending new,тренд,12115,372,22455,43123,8,18627
2021-11-05,Facebook,Lookalike,Broad new,you_might_like,4865,106,8640,6092,2,5820
2021-11-05,Facebook,Wholesale,Wide,cheap,1616,49,2360,5339,1,2340
2021-11-05,Google,Wholesale,Clean,cheap,1168,29,3414,2390,1,818
2021-11-05,Google,Wholesale,Wide,cheap,1315,50,4314,2769,2,1228
2021-11-06,Facebook,Lookalike,Trending new,тренд,5754,556,18058,58540,5,9698
2021-11-06,Facebook,Lookalike,Broad new,you_might_like,3964,55,2463,4923,1,3009
2021-11-06,Facebook,Lookalike,Broad,you_might_like,3896,660,42532,28248,7,2931
2021-11-06,Facebook,Wholesale,Clean,cheap,798,51,1280,5314,1,1312
2021-11-06,Facebook,Wholesale,Wide,cheap,1245,37,5843,1817,0,1086
2021-11-06,Google,Wholesale,Interests,hobby,1047,9,2925,848,0,918
2021-11-06,Google,Wholesale,Clean,cheap,1060,21,1176,3858,1,1131
2021-11-07,Facebook,Lookalike,Broad,you_might_like,5754,442,58739,18666,15,4599
2021-11-07,Facebook,Lookalike,Trending new,тренд,16174,269,30639,35222,15,16730
2021-11-07,Facebook,Lookalike,Broad new,you_might_like,2062,52,5222,2495,0,1615
2021-11-07,Facebook,Wholesale,Interests,hobby,669,29,2141,1779,1,532
2021-11-07,Facebook,Wholesale,Wide,cheap,1387,36,2597,3779,1,2229
2021-11-07,Facebook,Wholesale,Clean,cheap,2319,47,4594,6123,1,2507
2021-11-07,Google,Wholesale,Interests,hobby,484,29,3996,2384,1,395
2021-11-07,Google,Wholesale,Clean,cheap,3388,46,4452,6350,2,5532
2021-11-07,Google,Wholesale,Wide,cheap,1492,34,901,1030,1,1026
2021-11-08,Facebook,Lookalike,Broad,you_might_like,9447,379,16557,39723,5,10760
2021-11-08,Facebook,Lookalike,Broad new,you_might_like,1182,77,2920,1944,1,2011
2021-11-08,Facebook,Lookalike,Trending new,тренд,3799,260,43313,44922,13,5951
2021-11-08,Facebook,Wholesale,Interests,hobby,1381,14,2819,2964,0,1085
2021-11-08,Facebook,Wholesale,Wide,cheap,1852,42,3818,4407,1,2302
2021-11-08,Facebook,Wholesale,Clean,cheap,1682,29,2633,4327,1,2400
2021-11-08,Google,Wholesale,Wide,cheap,1476,49,5296,2254,1,1835
2021-11-08,Google,Wholesale,Clean,cheap,903,25,3183,2171,0,699
2021-11-08,Google,Wholesale,Interests,hobby,917,9,2649,1111,0,875
2021-11-09,Facebook,Lookalike,Broad,you_might_like,13002,73,46156,30967,6,16519
2021-11-09,Facebook,Lookalike,Broad new,you_might_like,3601,36,5467,3600,0,5453
2021-11-09,Facebook,Wholesale,Wide,cheap,593,24,6151,4046,0,998
2021-11-09,Facebook,Wholesale,Interests,hobby,1707,9,2212,3429,0,1419
2021-11-09,Facebook,Wholesale,Clean,cheap,3510,10,1879,2208,1,3099
2021-11-09,Google,Wholesale,Clean,cheap,820,3,1709,1542,0,618
2021-11-09,Google,Wholesale,Interests,hobby,555,2,493,1374,1,761
2021-11-10,Facebook,Brand,Reach 2,recognition,717,6,15341,14359,0,940
2021-11-10,Facebook,Lookalike,Broad new,you_might_like,1449,95,5137,4548,1,1876
2021-11-10,Facebook,Lookalike,Trending new,тренд,4235,809,69462,30081,11,3642
2021-11-10,Facebook,Wholesale,Wide,cheap,1832,13,1768,3306,1,1804
2021-11-10,Facebook,Wholesale,Interests,hobby,1526,11,526,834,1,1854
2021-11-10,Facebook,Wholesale,Clean,cheap,3083,16,1412,5165,0,4227
2021-11-10,Google,Wholesale,Clean,cheap,777,13,3626,4470,0,734
2021-11-10,Google,Wholesale,Wide,cheap,1125,19,869,3203,1,1420
2021-11-10,Google,Wholesale,Interests,hobby,570,12,1828,908,0,682
2021-11-11,Facebook,Brand,Reach 2,recognition,354,1,14273,12313,0,285
2021-11-11,Facebook,Lookalike,Broad new,you_might_like,2139,70,7348,7430,2,2758
2021-11-11,Facebook,Lookalike,Trending new,тренд,3972,491,49379,50424,5,3496
2021-11-11,Facebook,Lookalike,Broad,you_might_like,2480,67,21895,14201,1,4034
2021-11-11,Facebook,Wholesale,Clean,cheap,2000,18,3274,3014,0,3023
2021-11-11,Facebook,Wholesale,Wide,cheap,1661,7,3281,1067,1,1785
2021-11-11,Facebook,Wholesale,Interests,hobby,791,7,2098,1304,0,1204
2021-11-11,Google,Wholesale,Wide,cheap,625,8,2075,2979,0,614
2021-11-11,Google,Wholesale,Clean,cheap,3762,19,3836,2138,1,4358
2021-11-12,Facebook,Brand,Reach 2,recognition,389,1,11783,3216,0,457
2021-11-12,Facebook,Lookalike,Broad,you_might_like,16217,389,15009,11381,10,20821
2021-11-12,Facebook,Lookalike,Broad new,you_might_like,2453,90,1848,4381,1,3443
2021-11-12,Facebook,Lookalike,Trending new,тренд,20828,502,52956,47289,5,24671
2021-11-12,Facebook,Wholesale,Clean,cheap,2838,12,1672,3907,1,4411
2021-11-12,Google,Wholesale,Clean,cheap,1832,25,1668,2769,1,1317
2021-11-12,Google,Wholesale,Wide,cheap,1536,12,1208,2340,0,1275
2021-11-13,Facebook,Brand,Reach 2,recognition,280,2,10708,9543,0,347
2021-11-13,Facebook,Lookalike,Broad,you_might_like,13325,422,44642,48963,4,17183
2021-11-13,Facebook,Lookalike,Trending new,тренд,15752,245,43139,10686,5,15932
2021-11-13,Facebook,Lookalike,Broad new,you_might_like,4211,136,4806,5374,2,4728
2021-11-13,Facebook,Trendy,Cringe,тренд,2120,77,9354,2992,0,4790
2021-11-13,Facebook,Wholesale,Clean,cheap,791,14,1985,4933,1,700
2021-11-13,Facebook,Wholesale,Interests,hobby,2189,13,1994,1249,1,3123
2021-11-13,Facebook,Wholesale,Wide,cheap,1856,16,1854,2623,0,2495
2021-11-13,Google,Wholesale,Clean,cheap,717,23,3433,4098,1,828
2021-11-13,Google,Wholesale,Interests,hobby,1170,16,2361,970,0,1372
2021-11-13,Google,Wholesale,Wide,cheap,1421,18,1263,2217,1,2126
2021-11-14,Facebook,Brand,Reach 2,recognition,513,3,7520,13881,0,434
2021-11-14,Facebook,Lookalike,Broad new,you_might_like,3232,194,2948,7316,1,4104
2021-11-14,Facebook,Lookalike,Broad,you_might_like,7217,800,81951,45011,11,12131
2021-11-14,Facebook,Lookalike,Trending new,тренд,20770,427,52515,25230,5,33144
2021-11-14,Facebook,Trendy,Cringe,тренд,628,146,6799,2927,1,1545
2021-11-14,Facebook,Trendy,Lifestyle,тренд,1401,38,3460,5519,1,2842
2021-11-14,Facebook,Wholesale,Clean,cheap,3085,22,5938,4811,0,4666
2021-11-14,Facebook,Wholesale,Interests,hobby,1434,17,3008,720,1,2499
2021-11-14,Google,Wholesale,Wide,cheap,411,17,3162,1187,1,364
2021-11-14,Google,Wholesale,Clean,cheap,1566,8,4183,5401,0,1778
2021-11-15,Facebook,Brand,Reach 2,recognition,134,5,14310,7963,0,130
2021-11-15,Facebook,Lookalike,Broad new,you_might_like,2964,187,5250,2771,1,3813
2021-11-15,Facebook,Lookalike,Broad,you_might_like,6938,138,61578,30710,8,5310
2021-11-15,Facebook,Lookalike,Trending new,тренд,28841,574,49912,76959,5,27455
2021-11-15,Facebook,Trendy,Lifestyle,тренд,1359,95,2912,6587,1,2164
2021-11-15,Facebook,Trendy,Cringe,тренд,336,62,4504,5418,0,459
2021-11-15,Facebook,Wholesale,Wide,cheap,2412,15,3757,2652,0,3514
2021-11-15,Facebook,Wholesale,Clean,cheap,2469,36,4667,5033,1,2364
2021-11-15,Facebook,Wholesale,Interests,hobby,715,13,1188,584,0,959
2021-11-15,Google,Wholesale,Wide,cheap,2307,15,2060,3173,1,3513
2021-11-15,Google,Wholesale,Interests,hobby,952,7,544,1789,0,646
2021-11-15,Google,Wholesale,Clean,cheap,2201,25,3758,4087,0,1980
2021-11-16,Facebook,Brand,Reach 2,recognition,206,3,8305,7777,0,313
2021-11-16,Facebook,Lookalike,Trending new,тренд,19147,179,74394,45225,18,17649
2021-11-16,Facebook,Lookalike,Broad,you_might_like,12560,700,12398,46213,10,15637
2021-11-16,Facebook,Lookalike,Broad new,you_might_like,7762,108,13467,4927,4,9389
2021-11-16,Facebook,Trendy,Lifestyle,тренд,2298,60,2360,10376,2,4360
2021-11-16,Facebook,Wholesale,Interests,hobby,1125,16,5738,5004,1,1718
2021-11-16,Facebook,Wholesale,Clean,cheap,3023,37,5289,2741,1,2839
2021-11-16,Facebook,Wholesale,Wide,cheap,2241,16,1041,1541,0,2721
2021-11-16,Google,Wholesale,Interests,hobby,2140,20,1446,2039,0,3247
2021-11-16,Google,Wholesale,Wide,cheap,1414,13,983,2326,1,1106
2021-11-16,Google,Wholesale,Clean,cheap,3139,9,2925,1353,1,4483
2021-11-17,Facebook,Brand,Reach 2,recognition,821,2,6901,5997,0,914
2021-11-17,Facebook,Lookalike,Broad,you_might_like,12680,314,22206,32531,10,16835
2021-11-17,Facebook,Lookalike,Broad new,you_might_like,3297,67,6888,6169,1,4980
2021-11-17,Facebook,Lookalike,Trending new,тренд,5774,319,64963,16709,15,9485
2021-11-17,Facebook,Trendy,Cringe,тренд,561,43,4020,2242,1,1292
2021-11-17,Facebook,Trendy,Lifestyle,тренд,2633,40,3883,7842,1,3633
2021-11-17,Facebook,Wholesale,Wide,cheap,2476,23,1053,899,1,3937
2021-11-17,Facebook,Wholesale,Clean,cheap,2282,3,3370,1182,0,3285
2021-11-17,Facebook,Wholesale,Interests,hobby,1760,4,6004,5413,1,1623
2021-11-17,Google,Wholesale,Wide,cheap,1246,10,522,2255,0,853
2021-11-17,Google,Wholesale,Interests,hobby,1593,19,1414,3429,1,2369
2021-11-17,Google,Wholesale,Clean,cheap,767,5,1977,3608,0,831
2021-11-18,Facebook,Brand,Reach 2,recognition,1756,14,17118,7739,0,1793
2021-11-18,Facebook,Lookalike,Broad,you_might_like,3342,305,9223,19563,6,4441
2021-11-18,Facebook,Lookalike,Broad new,you_might_like,4137,164,6585,5125,4,6094
2021-11-18,Facebook,Trendy,Lifestyle,тренд,1075,106,5452,3839,1,2136
2021-11-18,Facebook,Trendy,Cringe,тренд,1219,50,5003,2569,0,2662
2021-11-18,Facebook,Wholesale,Interests,hobby,1166,20,2594,2312,0,1317
2021-11-18,Facebook,Wholesale,Clean,cheap,1771,4,650,856,0,1586
2021-11-18,Facebook,Wholesale,Wide,cheap,2056,27,3124,4065,0,3001
2021-11-18,Google,Wholesale,Wide,cheap,2848,18,4291,3741,0,2792
2021-11-18,Google,Wholesale,Clean,cheap,997,11,3058,1769,0,691
2021-11-18,Google,Wholesale,Interests,hobby,513,17,2129,3176,1,361
2021-11-19,Facebook,Brand,Reach 2,recognition,1354,4,19810,8155,0,1066
2021-11-19,Facebook,Lookalike,Broad new,you_might_like,4368,124,7295,6110,1,4944
2021-11-19,Facebook,Lookalike,Broad,you_might_like,4496,321,15789,49391,2,7074
2021-11-19,Facebook,Lookalike,Trending new,тренд,10946,446,26520,73834,9,15493
2021-11-19,Facebook,Trendy,Lifestyle,тренд,797,83,2433,5462,1,1424
2021-11-19,Facebook,Wholesale,Interests,hobby,1055,28,1579,1378,0,807
2021-11-19,Facebook,Wholesale,Wide,cheap,1236,3,2304,3801,0,1649
2021-11-19,Facebook,Wholesale,Clean,cheap,1591,15,5023,4243,1,2460
2021-11-19,Google,Wholesale,Interests,hobby,2433,8,674,2050,0,1792
2021-11-19,Google,Wholesale,Clean,cheap,1431,5,1904,3822,1,1770
2021-11-19,Google,Wholesale,Wide,cheap,187,5,1567,829,0,187
2021-11-20,Facebook,Brand,Reach 2,recognition,1034,19,7485,11557,0,782
2021-11-20,Facebook,Lookalike,Trending new,тренд,20421,1032,66742,91686,15,20973
2021-11-20,Facebook,Lookalike,Broad new,you_might_like,1892,41,3606,3212,1,2884
2021-11-20,Facebook,Lookalike,Broad,you_might_like,5018,358,25866,44257,9,5139
2021-11-20,Facebook,Trendy,Lifestyle,тренд,2413,71,5081,7334,0,5144
2021-11-20,Facebook,Trendy,Cringe,тренд,1161,41,1232,2099,1,2693
2021-11-20,Facebook,Wholesale,Wide,cheap,716,3,1318,2383,0,781
2021-11-20,Facebook,Wholesale,Interests,hobby,1645,31,5162,4566,1,2701
2021-11-20,Google,Wholesale,Clean,cheap,2781,21,5423,3619,0,2369
2021-11-21,Facebook,Brand,Reach 2,recognition,386,18,19644,6819,0,431
2021-11-21,Facebook,Lookalike,Broad,you_might_like,2980,323,21598,19052,6,4439
2021-11-21,Facebook,Lookalike,Trending new,тренд,16239,1165,101332,46375,13,12992
2021-11-21,Facebook,Lookalike,Broad new,you_might_like,2826,91,5676,8208,1,4889
2021-11-21,Facebook,Trendy,Lifestyle,тренд,298,42,5692,5586,0,579
2021-11-21,Facebook,Trendy,Cringe,тренд,1436,23,2390,1644,0,2793
2021-11-21,Facebook,Wholesale,Wide,cheap,492,8,4107,4180,1,594
2021-11-21,Facebook,Wholesale,Interests,hobby,2625,24,1045,2641,0,3261
2021-11-21,Facebook,Wholesale,Clean,cheap,2201,19,5029,4896,0,2759
2021-11-21,Google,Wholesale,Wide,cheap,891,14,873,3089,0,1334
2021-11-22,Facebook,Brand,Reach 2,recognition,38,1,361,660,0,35
2021-11-22,Facebook,Lookalike,Trending new,тренд,18356,546,49273,83021,10,28137
2021-11-22,Facebook,Lookalike,Broad,you_might_like,10072,291,20854,24139,3,11162
2021-11-22,Facebook,Trendy,Cringe,тренд,1290,13,1906,1725,0,2797
2021-11-22,Facebook,Trendy,Lifestyle,тренд,1017,104,4806,2181,1,2133
2021-11-22,Facebook,Wholesale,Interests,hobby,874,17,5827,2652,1,668
2021-11-22,Google,Wholesale,Wide,cheap,2263,14,2882,2050,0,1609
2021-11-22,Google,Wholesale,Clean,cheap,1178,18,864,2754,1,1730
2021-11-23,Facebook,Lookalike,Trending new,тренд,31613,625,52955,21434,11,40500
2021-11-23,Facebook,Lookalike,Broad,you_might_like,2805,163,7405,27309,6,3668
2021-11-23,Facebook,Lookalike,Broad new,you_might_like,1661,51,6621,5988,2,2132
2021-11-23,Facebook,Trendy,Cringe,тренд,650,28,4275,3709,0,1444
2021-11-23,Facebook,Trendy,Lifestyle,тренд,1943,35,6567,1856,2,3188
2021-11-23,Facebook,Wholesale,Wide,cheap,1584,57,5691,3079,0,1285
2021-11-23,Facebook,Wholesale,Clean,cheap,2490,4,4282,3408,0,2598
2021-11-23,Facebook,Wholesale,Interests,hobby,1141,23,2391,1783,1,1189
2021-11-23,Google,Wholesale,Clean,cheap,423,18,3047,3139,0,672
2021-11-23,Google,Wholesale,Interests,hobby,1165,14,1249,1259,0,1500
2021-11-24,Facebook,Lookalike,Broad new,you_might_like,2943,18,8163,8192,1,4873
2021-11-24,Facebook,Lookalike,Broad,you_might_like,3630,121,34701,26814,4,6274
2021-11-24,Facebook,Lookalike,Trending new,тренд,31725,399,31654,71689,16,28911
2021-11-24,Facebook,Trendy,Cringe,тренд,415,11,2681,1012,1,822
2021-11-24,Facebook,Wholesale,Wide,cheap,1619,26,1122,1689,1,1396
2021-11-24,Facebook,Wholesale,Interests,hobby,1207,6,5241,4525,1,1023
2021-11-24,Facebook,Wholesale,Clean,cheap,950,8,1976,864,0,1462
2021-11-24,Google,Wholesale,Clean,cheap,2077,20,4846,4482,1,3058
2021-11-24,Google,Wholesale,Wide,cheap,1235,28,3872,4185,1,1237
2021-11-24,Google,Wholesale,Interests,hobby,1182,5,1095,4060,1,1057
2021-11-25,Facebook,Lookalike,Broad new,you_might_like,6148,158,5152,6776,3,6650
2021-11-25,Facebook,Lookalike,Broad,you_might_like,6000,441,15988,18560,4,8356
2021-11-25,Facebook,Lookalike,Trending new,тренд,13627,681,37748,17219,3,18112
2021-11-25,Facebook,Trendy,Lifestyle,тренд,2453,83,3978,5794,1,5787
2021-11-25,Facebook,Trendy,Cringe,тренд,547,22,4355,1544,0,887
2021-11-25,Facebook,Wholesale,Clean,cheap,1683,21,935,1695,1,2519
2021-11-25,Facebook,Wholesale,Interests,hobby,1727,4,2003,1292,0,1511
2021-11-25,Facebook,Wholesale,Wide,cheap,3815,46,5509,1201,1,6505
2021-11-25,Google,Wholesale,Wide,cheap,3606,39,2303,908,0,5127
2021-11-25,Google,Wholesale,Interests,hobby,849,14,588,878,1,1217
2021-11-25,Google,Wholesale,Clean,cheap,799,5,794,520,1,1069
2021-11-26,Facebook,Lookalike,Broad new,you_might_like,3217,69,3835,2681,1,3603
2021-11-26,Facebook,Lookalike,Trending new,тренд,12893,252,51646,11013,11,14915
2021-11-26,Facebook,Lookalike,Broad,you_might_like,4112,458,21962,22491,7,5401
2021-11-26,Facebook,Trendy,Lifestyle,тренд,2220,79,3564,4219,0,3133
2021-11-26,Facebook,Trendy,Cringe,тренд,1107,23,2131,2794,0,2174
2021-11-26,Facebook,Wholesale,Interests,hobby,332,13,946,2070,0,427
2021-11-26,Facebook,Wholesale,Wide,cheap,699,13,2426,4716,0,1163
2021-11-26,Facebook,Wholesale,Clean,cheap,1241,13,1894,3864,1,1142
2021-11-26,Google,Wholesale,Wide,cheap,2104,12,3239,2980,1,1475
2021-11-26,Google,Wholesale,Clean,cheap,1599,8,3463,3402,0,2363
2021-11-27,Facebook,Lookalike,Trending new,тренд,12430,291,33843,23819,9,17605
2021-11-27,Facebook,Trendy,Cringe,тренд,780,31,974,2027,0,1312
2021-11-27,Facebook,Trendy,Lifestyle,тренд,1642,49,8193,1339,1,4033
2021-11-27,Facebook,Wholesale,Interests,hobby,1675,6,4043,1865,0,2686
2021-11-27,Facebook,Wholesale,Clean,cheap,2234,23,2961,2344,1,3799
2021-11-27,Facebook,Wholesale,Wide,cheap,1562,5,2482,3062,1,1930
2021-11-27,Google,Wholesale,Clean,cheap,719,19,4264,627,1,493
2021-11-27,Google,Wholesale,Wide,cheap,938,12,2289,2600,0,1532
2021-11-27,Google,Wholesale,Interests,hobby,213,9,1246,3280,0,325
2021-11-28,Facebook,Lookalike,Trending new,тренд,20031,129,69724,66511,10,15038
2021-11-28,Facebook,Lookalike,Broad,you_might_like,10978,411,26515,21391,7,12059
2021-11-28,Facebook,Lookalike,Broad new,you_might_like,3197,74,3493,3523,3,2807
2021-11-28,Facebook,Trendy,Cringe,тренд,1513,33,3488,1490,0,2996
2021-11-28,Facebook,Wholesale,Wide,cheap,1376,33,5158,2055,0,1517
2021-11-28,Facebook,Wholesale,Clean,cheap,2148,12,2645,2520,0,3253
2021-11-28,Facebook,Wholesale,Interests,hobby,1122,9,2266,2289,1,1610
2021-11-28,Google,Wholesale,Wide,cheap,943,31,1987,1307,0,638
2021-11-29,Facebook,Lookalike,Broad,you_might_like,6436,333,23338,25204,1,10412
2021-11-29,Facebook,Lookalike,Broad new,you_might_like,3097,36,9673,9721,3,4749
2021-11-29,Facebook,Lookalike,Trending new,тренд,8258,469,62142,15223,6,6746
2021-11-29,Facebook,Trendy,Lifestyle,тренд,929,93,11795,13049,0,1963
2021-11-29,Facebook,Trendy,Cringe,тренд,729,41,4181,3859,1,1257
2021-11-29,Facebook,Wholesale,Wide,cheap,2759,26,7696,4637,0,3189
2021-11-29,Facebook,Wholesale,Interests,hobby,424,32,2228,938,0,428
2021-11-29,Facebook,Wholesale,Clean,cheap,1835,15,2483,4043,0,2556
2021-11-29,Google,Wholesale,Clean,cheap,1539,4,4434,604,1,1942
2021-11-29,Google,Wholesale,Interests,hobby,1350,18,3725,764,1,1315
2021-11-29,Google,Wholesale,Wide,cheap,2146,44,5588,6365,0,2917
2021-11-30,Facebook,Lookalike,Broad,you_might_like,7255,390,23281,24757,9,12359
2021-11-30,Facebook,Lookalike,Trending new,тренд,6950,484,40267,15002,12,11955
2021-11-30,Facebook,Lookalike,Broad new,you_might_like,1753,38,9200,6738,1,2728
2021-11-30,Facebook,Trendy,Lifestyle,тренд,1587,37,11245,9558,1,2683
2021-11-30,Facebook,Wholesale,Wide,cheap,2438,20,8699,2065,1,3329
2021-11-30,Facebook,Wholesale,Interests,hobby,1859,17,1553,2395,1,2228
2021-11-30,Facebook,Wholesale,Clean,cheap,2686,13,5252,4624,0,4058
2021-11-30,Google,Wholesale,Clean,cheap,1836,25,761,2478,0,2713
2021-11-30,Google,Wholesale,Wide,cheap,1135,7,3852,1876,1,950
2021-11-30,Google,Wholesale,Interests,hobby,1956,15,4090,4681,0,1697
2021-12-01,Facebook,Lookalike,Broad new,you_might_like,7353,58,8503,9219,1,8587
2021-12-01,Facebook,Lookalike,Trending new,тренд,24678,238,50063,73278,11,31435
2021-12-01,Facebook,Lookalike,Broad,you_might_like,5578,150,22293,45423,7,9013
2021-12-01,Facebook,Trendy,Lifestyle,тренд,2462,40,6212,15473,2,4404
2021-12-01,Facebook,Trendy,Cringe,тренд,1221,11,3475,8374,1,2322
2021-12-01,Facebook,Wholesale,Wide,cheap,1078,33,5111,4668,0,1328
2021-12-01,Facebook,Wholesale,Clean,cheap,849,18,2383,7186,1,709
2021-12-01,Facebook,Wholesale,Interests,hobby,1576,28,1048,3330,1,2207
2021-12-01,Google,Wholesale,Interests,hobby,1494,13,657,3365,0,1526
2021-12-01,Google,Wholesale,Clean,cheap,1420,13,5981,3157,1,1121
2021-12-02,Facebook,Lookalike,Trending new,тренд,11503,530,58903,20901,12,14435
2021-12-02,Facebook,Lookalike,Broad,you_might_like,9532,316,22350,11245,4,8232
2021-12-02,Facebook,Lookalike,Broad new,you_might_like,1762,59,6642,5030,2,1365
2021-12-02,Facebook,Trendy,Lifestyle,тренд,1886,47,17128,5371,1,2883
2021-12-02,Facebook,Trendy,Cringe,тренд,748,18,5680,7379,2,1695
2021-12-02,Facebook,Wholesale,Wide,cheap,2918,47,3040,4273,1,3837
2021-12-02,Google,Wholesale,Clean,cheap,2062,7,1743,2046,1,2815
2021-12-02,Google,Wholesale,Wide,cheap,591,30,3406,3791,1,661
2021-12-03,Facebook,Lookalike,Trending new,тренд,29663,405,72935,60798,14,22512
2021-12-03,Facebook,Lookalike,Broad,you_might_like,9578,321,24924,27277,3,15224
2021-12-03,Facebook,Lookalike,Broad new,you_might_like,4806,32,7241,1573,1,4079
2021-12-03,Facebook,Trendy,Cringe,тренд,1293,20,1613,5040,2,1787
2021-12-03,Facebook,Trendy,Lifestyle,тренд,2596,118,19362,6881,1,4761
2021-12-03,Facebook,Wholesale,Interests,hobby,779,18,2133,3116,1,869
2021-12-03,Facebook,Wholesale,Clean,cheap,880,19,1818,1146,0,1409
2021-12-03,Facebook,Wholesale,Wide,cheap,2219,28,6611,8390,1,2697
2021-12-03,Google,Wholesale,Clean,cheap,272,12,2540,955,1,402
2021-12-04,Facebook,Lookalike,Trending new,тренд,32997,423,37723,77365,3,34715
2021-12-04,Facebook,Lookalike,Broad new,you_might_like,1857,118,6916,6218,0,1453
2021-12-04,Facebook,Lookalike,Broad,you_might_like,8432,164,27017,5186,4,12854
2021-12-04,Facebook,Trendy,Cringe,тренд,529,48,2214,2588,1,1074
2021-12-04,Facebook,Wholesale,Interests,hobby,649,5,1536,817,0,977
2021-12-04,Facebook,Wholesale,Wide,cheap,1071,33,2802,9055,0,1485
2021-12-04,Facebook,Wholesale,Clean,cheap,1003,23,2518,2596,0,1745
2021-12-04,Google,Wholesale,Wide,cheap,2103,20,5676,6833,1,1781
2021-12-04,Google,Wholesale,Interests,hobby,165,4,582,383,0,182
2021-12-05,Facebook,Lookalike,Broad new,you_might_like,1130,57,7461,10617,1,1568
2021-12-05,Facebook,Lookalike,Broad,you_might_like,9188,99,39577,35205,7,11916
2021-12-05,Facebook,Trendy,Cringe,тренд,307,9,6481,6054,1,679
2021-12-05,Facebook,Trendy,Lifestyle,тренд,2995,39,12096,18407,1,6238
2021-12-05,Facebook,Wholesale,Interests,hobby,363,8,2262,5192,0,547
2021-12-05,Facebook,Wholesale,Clean,cheap,2867,18,5322,5743,1,4334
2021-12-05,Google,Wholesale,Interests,hobby,869,7,5058,5915,1,852
2021-12-05,Google,Wholesale,Clean,cheap,1309,27,1987,3743,1,1063
2021-12-05,Google,Wholesale,Wide,cheap,404,35,3483,6737,1,352
2021-12-06,Facebook,Lookalike,Trending new,тренд,37166,161,71831,58663,19,36547
2021-12-06,Facebook,Lookalike,Broad,you_might_like,4894,102,7816,18150,2,4627
2021-12-06,Facebook,Lookalike,Broad new,you_might_like,6022,121,7384,3873,2,9118
2021-12-06,Facebook,Trendy,Lifestyle,тренд,1230,85,26680,14977,1,1888
2021-12-06,Facebook,Wholesale,Interests,,1745,24,12690,3268,0,1856
2021-12-06,Facebook,Wholesale,Clean,cheap,850,22,7020,8046,1,1005
2021-12-06,Facebook,Wholesale,Wide,cheap,1225,50,9562,4076,1,1451
2021-12-06,Google,Wholesale,Wide,cheap,1453,19,3747,5324,1,1703
2021-12-06,Google,Wholesale,Clean,cheap,1565,6,1786,1540,0,1853
2021-12-07,Facebook,Lookalike,Broad new,you_might_like,7762,33,3477,3477,3,10996
2021-12-07,Facebook,Lookalike,Trending new,тренд,10086,521,24027,25808,5,9520
2021-12-07,Facebook,Lookalike,Broad,you_might_like,3115,67,20600,17683,1,4011
2021-12-07,Facebook,Trendy,Cringe,тренд,571,19,3431,2697,0,960
2021-12-07,Facebook,Trendy,Lifestyle,тренд,986,59,12669,18626,2,2111
2021-12-07,Facebook,Wholesale,Wide,cheap,906,33,3575,2336,1,1226
2021-12-07,Facebook,Wholesale,Interests,hobby,998,12,8126,5030,1,1451
2021-12-07,Facebook,Wholesale,Clean,cheap,760,3,2900,4654,0,1327
2021-12-07,Google,Wholesale,Clean,cheap,2207,15,5456,6842,0,1776
2021-12-07,Google,Wholesale,Wide,cheap,1910,17,3654,2250,0,1568
2021-12-08,Facebook,Lookalike,Trending new,тренд,5948,618,18252,90462,7,7008
2021-12-08,Facebook,Lookalike,Broad,you_might_like,6746,143,12299,13487,1,11168
2021-12-08,Facebook,Lookalike,Broad new,you_might_like,6829,250,2677,12182,2,8389
2021-12-08,Facebook,Trendy,Lifestyle,тренд,1607,51,13014,14876,1,3658
2021-12-08,Facebook,Trendy,Cringe,тренд,379,6,1974,2307,0,668
2021-12-08,Facebook,Wholesale,Interests,hobby,632,22,1824,5976,0,682
2021-12-08,Facebook,Wholesale,Wide,cheap,3643,19,7427,7844,0,4569
2021-12-08,Facebook,Wholesale,Clean,cheap,1483,15,2828,6778,1,1888
2021-12-08,Google,Wholesale,Interests,hobby,559,6,1542,978,1,546
2021-12-08,Google,Wholesale,Wide,cheap,1927,17,2724,1878,1,1262
2021-12-09,Facebook,Lookalike,Broad,you_might_like,6438,55,18147,10822,5,6717
2021-12-09,Facebook,Lookalike,Broad new,you_might_like,2291,153,10617,12458,4,2555
2021-12-09,Facebook,Lookalike,Trending new,тренд,33521,780,82196,53390,11,31739
2021-12-09,Facebook,Trendy,Cringe,тренд,664,18,3630,4427,0,1359
2021-12-09,Facebook,Trendy,Lifestyle,тренд,1933,30,5844,2775,2,2289
2021-12-09,Facebook,Wholesale,Interests,hobby,428,14,5204,1620,0,620
2021-12-09,Facebook,Wholesale,Wide,cheap,3258,54,5980,5042,2,3784
2021-12-09,Google,Wholesale,Clean,cheap,769,18,3987,4200,1,983
2021-12-09,Google,Wholesale,Wide,cheap,3352,57,2965,2528,2,4854
2021-12-10,Facebook,Lookalike,Trending new,тренд,15527,527,50102,57338,9,24906
2021-12-10,Facebook,Lookalike,Broad,you_might_like,4110,106,20007,5430,2,5629
2021-12-10,Facebook,Lookalike,Broad new,you_might_like,3139,94,11086,2299,3,4747
2021-12-10,Facebook,Trendy,Lifestyle,тренд,930,58,9210,1976,0,1281
2021-12-10,Facebook,Trendy,Cringe,тренд,197,5,1676,1786,0,330
2021-12-10,Facebook,Wholesale,Interests,hobby,1867,10,1430,3195,1,2047
2021-12-10,Facebook,Wholesale,Wide,cheap,1783,11,5904,4708,0,2884
2021-12-10,Facebook,Wholesale,Clean,cheap,838,12,3098,1555,0,985
2021-12-10,Google,Wholesale,Wide,cheap,605,27,6725,4642,0,476
2021-12-10,Google,Wholesale,Interests,hobby,1046,20,3318,4495,0,1395
2021-12-11,Facebook,Lookalike,Broad,you_might_like,7579,116,15907,13733,2,8766
2021-12-11,Facebook,Lookalike,Broad new,you_might_like,3742,194,7053,12108,2,3521
2021-12-11,Facebook,Lookalike,Trending new,тренд,11986,1009,59943,59418,16,13359
2021-12-11,Facebook,Trendy,Lifestyle,тренд,509,44,10940,8455,1,904
2021-12-11,Facebook,Trendy,Cringe,тренд,281,22,2774,3001,1,470
2021-12-11,Facebook,Wholesale,Interests,hobby,2003,20,1370,3368,1,3440
2021-12-11,Facebook,Wholesale,Clean,cheap,472,29,1667,3532,0,423
2021-12-11,Facebook,Wholesale,Wide,cheap,2393,20,4795,1778,0,1879
2021-12-11,Google,Wholesale,Interests,hobby,501,26,1475,938,1,341
2021-12-11,Google,Wholesale,Wide,cheap,596,18,1297,1604,1,948
2021-12-11,Google,Wholesale,Clean,cheap,1703,13,2553,3094,1,1860
2021-12-12,Facebook,Lookalike,Trending new,тренд,22828,1026,93620,74724,10,31661
2021-12-12,Facebook,Lookalike,Broad new,you_might_like,3505,222,6531,9922,4,5462
2021-12-12,Facebook,Lookalike,Broad,you_might_like,4794,149,8617,24822,4,7238
2021-12-12,Facebook,Trendy,Lifestyle,тренд,908,85,12855,9348,1,1310
2021-12-12,Facebook,Trendy,Cringe,тренд,369,7,2982,2424,1,429
2021-12-12,Facebook,Wholesale,Clean,cheap,2736,9,4403,3848,0,3004
2021-12-12,Facebook,Wholesale,Wide,cheap,534,20,1648,2091,1,464
2021-12-12,Facebook,Wholesale,Interests,hobby,1461,9,4162,2590,0,2170
2021-12-12,Google,Wholesale,Clean,cheap,1260,10,1445,4499,1,1022
2021-12-13,Facebook,Lookalike,Broad,you_might_like,1684,45,6737,9016,3,1829
2021-12-13,Facebook,Lookalike,Broad new,you_might_like,1244,48,3026,10527,1,1155
2021-12-13,Facebook,Trendy,Lifestyle,тренд,298,19,4090,2315,0,369
2021-12-13,Facebook,Trendy,Cringe,тренд,216,10,761,1461,0,309
2021-12-13,Facebook,Wholesale,Interests,hobby,1181,18,1728,4226,1,1046
2021-12-13,Facebook,Wholesale,Clean,cheap,2688,41,2018,1850,0,3899
2021-12-13,Facebook,Wholesale,Wide,cheap,1809,14,3022,6011,1,2642
2021-12-13,Google,Wholesale,Interests,hobby,335,19,1831,3012,0,219
2021-12-13,Google,Wholesale,Wide,cheap,2383,28,3199,2009,1,2507
2021-12-14,Facebook,Lookalike,Broad,you_might_like,5212,214,17038,19009,6,4238
2021-12-14,Facebook,Lookalike,Broad new,you_might_like,1847,155,10329,4634,2,1785
2021-12-14,Facebook,Lookalike,Trending new,тренд,33982,1099,67432,46310,11,57606
2021-12-14,Facebook,Wholesale,Clean,cheap,2259,9,2549,3041,0,3688
2021-12-14,Facebook,Wholesale,Interests,hobby,339,4,4913,2429,0,377
2021-12-14,Facebook,Wholesale,Wide,cheap,3147,27,5033,6288,1,2768
2021-12-14,Google,Wholesale,Wide,cheap,1337,38,1191,1805,0,1306
2021-12-15,Facebook,Lookalike,Trending new,тренд,7822,242,68882,54453,8,9642
2021-12-15,Facebook,Lookalike,Broad,you_might_like,6823,220,29315,26963,4,7093
2021-12-15,Facebook,Lookalike,Broad new,you_might_like,7083,57,11085,3006,1,12344
2021-12-15,Facebook,Trendy,Lifestyle,тренд,4211,220,44387,26432,6,7513
2021-12-15,Facebook,Trendy,Cringe,тренд,3193,50,11173,11981,1,4394
2021-12-15,Facebook,Wholesale,Clean,cheap,1965,14,4967,2179,0,2200
2021-12-15,Facebook,Wholesale,Interests,hobby,773,9,5241,8253,1,1198
2021-12-15,Facebook,Wholesale,Wide,cheap,678,20,5052,2760,0,834
2021-12-15,Google,Wholesale,Clean,cheap,280,2,3658,670,0,274
2021-12-15,Google,Wholesale,Interests,hobby,679,8,4471,3329,0,682
2021-12-16,Facebook,Lookalike,Trending new,тренд,7251,253,78227,72367,14,9871
2021-12-16,Facebook,Lookalike,Broad,you_might_like,2702,191,21344,24717,5,2821
2021-12-16,Facebook,Trendy,Lifestyle,тренд,3373,258,12714,31832,5,5962
2021-12-16,Facebook,Wholesale,Interests,hobby,2763,21,6489,2495,1,4556
2021-12-16,Facebook,Wholesale,Wide,cheap,2922,18,3020,6365,1,4981
2021-12-16,Facebook,Wholesale,Clean,cheap,1644,4,1740,2321,0,2359
2021-12-16,Google,Wholesale,Interests,hobby,656,20,2642,4949,0,1023
2021-12-16,Google,Wholesale,Clean,cheap,361,9,2145,1406,0,285
2021-12-16,Google,Wholesale,Wide,cheap,1952,20,5264,6293,2,1325
2021-12-17,Facebook,Lookalike,Trending new,тренд,9647,644,42349,14740,9,14309
2021-12-17,Facebook,Lookalike,Broad,you_might_like,7407,320,12725,16267,8,10991
2021-12-17,Facebook,Lookalike,Broad new,you_might_like,5873,80,6117,8478,0,6520
2021-12-17,Facebook,Trendy,Cringe,тренд,2819,77,6542,6537,2,5506
2021-12-17,Facebook,Trendy,Lifestyle,тренд,6574,124,11611,8716,2,15159
2021-12-17,Facebook,Wholesale,Wide,cheap,1292,22,1681,5413,1,1269
2021-12-17,Facebook,Wholesale,Clean,cheap,335,17,2483,2372,0,359
2021-12-17,Facebook,Wholesale,Interests,hobby,2910,4,2430,3933,1,3677
2021-12-17,Google,Wholesale,Interests,hobby,905,14,3327,3238,1,1442
2021-12-17,Google,Wholesale,Clean,cheap,237,13,1312,2920,0,178
2021-12-17,Google,Wholesale,Wide,cheap,1306,37,1742,665,0,2023
2021-12-18,Facebook,Lookalike,Broad,you_might_like,7012,118,13789,18979,6,5979
2021-12-18,Facebook,Lookalike,Trending new,тренд,12401,323,70503,62921,8,19578
2021-12-18,Facebook,Lookalike,Broad new,you_might_like,5300,133,2332,3742,3,6233
2021-12-18,Facebook,Trendy,Lifestyle,тренд,4495,138,19000,15195,5,7271
2021-12-18,Facebook,Trendy,Cringe,тренд,2515,101,15356,3874,1,2848
2021-12-18,Facebook,Wholesale,Interests,hobby,1820,5,5377,3304,0,2564
2021-12-18,Google,Wholesale,Wide,cheap,879,15,2179,4900,0,964
2021-12-18,Google,Wholesale,Clean,cheap,1946,4,2852,4155,0,1937
2021-12-18,Google,Wholesale,Interests,hobby,800,8,3061,1298,0,1262
2021-12-19,Facebook,Lookalike,Broad new,you_might_like,1458,80,2707,8204,2,1343
2021-12-19,Facebook,Lookalike,Trending new,тренд,7030,351,98658,67412,2,10136
2021-12-19,Facebook,Lookalike,Broad,you_might_like,6190,171,32172,27424,4,7389
2021-12-19,Facebook,Trendy,Cringe,тренд,3974,133,8916,16955,2,9200
2021-12-19,Facebook,Trendy,Lifestyle,тренд,6976,65,9735,8053,0,16739
2021-12-19,Facebook,Wholesale,Clean,cheap,1608,12,3403,5088,1,2338
2021-12-19,Facebook,Wholesale,Wide,cheap,2231,4,1168,4869,1,3272
2021-12-19,Facebook,Wholesale,Interests,hobby,2882,7,6649,1572,1,2616
2021-12-19,Google,Wholesale,Interests,hobby,271,15,1346,2074,1,254
2021-12-19,Google,Wholesale,Wide,cheap,788,2,1283,4254,1,940
2021-12-20,Facebook,Lookalike,Trending new,тренд,35023,478,67447,54196,14,39892
2021-12-20,Facebook,Lookalike,Broad,you_might_like,1129,100,9845,8652,1,1869
2021-12-20,Facebook,Lookalike,Broad new,you_might_like,4955,138,13682,9360,3,6061
2021-12-20,Facebook,Wholesale,Clean,cheap,2825,7,989,3330,0,3504
2021-12-20,Facebook,Wholesale,Interests,hobby,1349,6,3297,3005,0,2287
2021-12-20,Facebook,Wholesale,Wide,cheap,403,14,878,2534,0,504
2021-12-20,Google,Wholesale,Wide,cheap,1178,10,2211,1642,1,1540
2021-12-20,Google,Wholesale,Interests,hobby,483,13,5560,3376,1,703
2021-12-21,Facebook,Lookalike,Trending new,тренд,36691,208,65342,18500,14,42283
2021-12-21,Facebook,Lookalike,Broad,you_might_like,3905,40,16405,3581,2,5272
2021-12-21,Facebook,Lookalike,Broad new,you_might_like,6181,68,7733,7412,2,4854
2021-12-21,Facebook,Trendy,Lifestyle,тренд,2489,21,9303,11573,1,4035
2021-12-21,Facebook,Wholesale,Wide,cheap,2029,50,3487,9094,0,2089
2021-12-21,Facebook,Wholesale,Interests,hobby,1636,11,1074,2016,0,1817
2021-12-21,Google,Wholesale,Wide,cheap,1328,23,8901,5605,1,1424
2021-12-21,Google,Wholesale,Clean,cheap,978,13,2589,1379,0,1539
2021-12-21,Google,Wholesale,Interests,hobby,144,9,2888,3622,0,194
2021-12-22,Facebook,Lookalike,Broad,you_might_like,1616,89,6928,3641,2,2796
2021-12-22,Facebook,Lookalike,Trending new,тренд,13356,658,63306,37274,0,10389
2021-12-22,Facebook,Trendy,Cringe,тренд,585,6,2574,1093,0,1434
2021-12-22,Facebook,Trendy,Lifestyle,тренд,1540,32,7786,4336,1,2256
2021-12-22,Facebook,Wholesale,Interests,hobby,325,2,668,2521,1,344
2021-12-22,Facebook,Wholesale,Wide,cheap,3407,36,8358,4156,1,3752
2021-12-22,Google,Wholesale,Interests,hobby,481,11,1515,1905,0,701
2021-12-22,Google,Wholesale,Wide,cheap,2827,15,5717,3698,1,3240
2021-12-23,Facebook,Lookalike,Trending new,тренд,27054,275,43768,30006,5,35926
2021-12-23,Facebook,Lookalike,Broad new,you_might_like,8356,29,9689,4496,2,7610
2021-12-23,Facebook,Lookalike,Broad,you_might_like,896,37,10784,9478,0,1474
2021-12-23,Facebook,Trendy,Cringe,тренд,216,45,3566,6124,0,518
2021-12-23,Facebook,Trendy,Lifestyle,тренд,1345,17,7027,4321,1,1904
2021-12-23,Facebook,Wholesale,Interests,hobby,1744,22,3739,1765,0,2058
2021-12-23,Facebook,Wholesale,Clean,cheap,1069,4,1240,4134,1,1074
2021-12-23,Google,Wholesale,Interests,hobby,392,11,3672,2420,0,556
2021-12-23,Google,Wholesale,Clean,cheap,858,9,936,1356,1,789
2021-12-24,Facebook,Lookalike,Trending new,тренд,19710,690,29024,72887,17,25197
2021-12-24,Facebook,Lookalike,Broad,you_might_like,2311,75,14815,12274,2,3844
2021-12-24,Facebook,Trendy,Lifestyle,тренд,2031,30,7386,5873,1,4045
2021-12-24,Facebook,Wholesale,Interests,hobby,3041,5,2322,4853,1,4916
2021-12-24,Facebook,Wholesale,Clean,cheap,745,11,5510,2946,1,808
2021-12-24,Facebook,Wholesale,Wide,cheap,1405,25,2142,2618,1,2087
2021-12-24,Google,Wholesale,Interests,hobby,700,13,1469,1016,1,833
2021-12-24,Google,Wholesale,Clean,cheap,1113,5,1096,3257,1,1089
2021-12-25,Facebook,Lookalike,Trending new,тренд,25455,139,30101,27071,8,31475
2021-12-25,Facebook,Lookalike,Broad,you_might_like,4719,20,9811,11101,2,7719
2021-12-25,Facebook,Lookalike,Broad new,you_might_like,3062,38,9822,4330,4,5131
2021-12-25,Facebook,Trendy,Lifestyle,тренд,2216,81,2976,4964,1,2876
2021-12-25,Facebook,Wholesale,Clean,cheap,538,9,3560,3028,0,561
2021-12-25,Facebook,Wholesale,Interests,hobby,788,7,3992,4254,0,652
2021-12-25,Facebook,Wholesale,Wide,cheap,4562,29,9414,9106,1,5169
2021-12-25,Google,Wholesale,Clean,cheap,1592,3,2912,2679,0,1387
2021-12-25,Google,Wholesale,Wide,cheap,4059,6,4409,6340,1,5585
2021-12-25,Google,Wholesale,Interests,hobby,1605,12,3468,3144,0,1731
2021-12-26,Facebook,Lookalike,Broad,you_might_like,3480,32,6910,12371,1,5477
2021-12-26,Facebook,Lookalike,Broad new,you_might_like,2086,67,8559,15311,4,3344
2021-12-26,Facebook,Lookalike,Trending new,тренд,10384,366,53026,91745,2,16461
2021-12-26,Facebook,Trendy,Lifestyle,тренд,1363,26,1952,11803,1,3396
2021-12-26,Facebook,Trendy,Cringe,тренд,652,56,2706,6757,0,1093
2021-12-26,Facebook,Wholesale,Clean,cheap,1448,10,3026,943,0,1396
2021-12-26,Facebook,Wholesale,Wide,cheap,3721,34,6102,2272,1,4480
2021-12-26,Facebook,Wholesale,Interests,hobby,1277,11,3408,882,0,2087
2021-12-26,Google,Wholesale,Wide,cheap,2729,23,4594,2887,1,1949
2021-12-26,Google,Wholesale,Clean,cheap,1193,8,371,2216,0,1123
2021-12-26,Google,Wholesale,Interests,hobby,1781,6,1895,1931,1,1623
2021-12-27,Facebook,Lookalike,Trending new,тренд,35779,258,67466,34697,20,53255
2021-12-27,Facebook,Lookalike,Broad,you_might_like,1603,26,7027,5532,1,1694
2021-12-27,Facebook,Lookalike,Broad new,you_might_like,6731,105,13171,4135,1,9222
2021-12-27,Facebook,Trendy,Lifestyle,тренд,491,41,2290,10366,0,786
2021-12-27,Facebook,Trendy,Cringe,тренд,373,37,3265,6228,0,718
2021-12-27,Facebook,Wholesale,Wide,cheap,504,19,1160,3918,1,459
2021-12-27,Facebook,Wholesale,Interests,hobby,1348,12,6485,6408,0,1421
2021-12-27,Facebook,Wholesale,Clean,cheap,1002,6,2861,2482,1,1092
2021-12-27,Google,Wholesale,Wide,cheap,1346,24,5023,4411,1,1073
2021-12-27,Google,Wholesale,Interests,hobby,1915,32,823,1101,2,2934
2021-12-27,Google,Wholesale,Clean,cheap,347,3,2366,500,0,409
2021-12-28,Facebook,Lookalike,Trending new,тренд,16632,285,51620,24350,8,17091
2021-12-28,Facebook,Lookalike,Broad new,you_might_like,8690,35,7256,2405,3,12126
2021-12-28,Facebook,Lookalike,Broad,you_might_like,3026,76,10144,8897,1,5173
2021-12-28,Facebook,Trendy,Lifestyle,тренд,1966,36,10708,5002,0,3723
2021-12-28,Facebook,Trendy,Cringe,тренд,750,16,6308,7448,0,1120
2021-12-28,Facebook,Wholesale,Wide,cheap,2236,30,4068,3905,0,3349
2021-12-28,Facebook,Wholesale,Clean,cheap,1946,15,6085,4857,1,1909
2021-12-28,Facebook,Wholesale,Interests,hobby,737,6,5599,5024,0,556
2021-12-28,Google,Wholesale,Clean,cheap,531,15,1087,1871,0,832
2021-12-28,Google,Wholesale,Interests,hobby,2316,9,3667,3240,0,3115
2021-12-28,Google,Wholesale,Wide,cheap,2236,12,4405,1903,0,3064
2021-12-29,Facebook,Lookalike,Broad,you_might_like,770,85,5544,7209,1,1122
2021-12-29,Facebook,Lookalike,Broad new,you_might_like,7900,208,6864,12196,0,6106
2021-12-29,Facebook,Trendy,Lifestyle,тренд,990,70,2980,5681,0,2125
2021-12-29,Facebook,Trendy,Cringe,тренд,585,21,4108,7270,0,682
2021-12-29,Facebook,Wholesale,Wide,cheap,2949,37,3893,7076,1,4064
2021-12-29,Facebook,Wholesale,Interests,hobby,2188,5,5621,2057,0,2322
2021-12-29,Facebook,Wholesale,Clean,cheap,943,9,3280,833,0,755
2021-12-29,Google,Wholesale,Interests,hobby,2306,3,3304,3878,0,2236
2021-12-29,Google,Wholesale,Wide,cheap,1791,16,3869,2546,1,2111
2021-12-29,Google,Wholesale,Clean,cheap,500,3,3047,1811,0,457
2021-12-30,Facebook,Lookalike,Broad new,you_might_like,5402,98,2695,13830,1,4921
2021-12-30,Facebook,Lookalike,Trending new,тренд,16452,745,32103,71672,14,18620
2021-12-30,Facebook,Lookalike,Broad,you_might_like,902,54,9729,5067,1,761
2021-12-30,Facebook,Trendy,Lifestyle,тренд,2379,31,5681,10408,0,5110
2021-12-30,Facebook,Trendy,Cringe,тренд,813,27,3152,959,0,1257
2021-12-30,Facebook,Wholesale,Interests,hobby,1197,8,6318,2722,1,905
2021-12-30,Facebook,Wholesale,Wide,cheap,1422,21,4493,3403,1,1452
2021-12-30,Google,Wholesale,Clean,cheap,1410,7,440,1444,0,1176
2021-12-31,Facebook,Lookalike,Broad new,you_might_like,1600,19,4270,1383,1,1269
2021-12-31,Facebook,Lookalike,Trending new,тренд,12719,175,20429,5918,1,12617
2021-12-31,Facebook,Trendy,Cringe,тренд,440,26,8756,3520,1,763
2021-12-31,Facebook,Trendy,Lifestyle,тренд,442,37,16589,4549,1,869
2021-12-31,Facebook,Wholesale,Interests,hobby,552,5,2050,1914,0,794
2021-12-31,Facebook,Wholesale,Clean,cheap,510,4,295,1211,0,548
2021-12-31,Facebook,Wholesale,Wide,cheap,1075,15,4360,3295,0,1451
2021-12-31,Google,Wholesale,Interests,hobby,430,4,1986,1964,0,652
2022-01-01,Facebook,Lookalike,Broad new,you_might_like,0,0,0,0,0,0
2022-01-01,Facebook,Lookalike,Trending new,тренд,0,0,0,0,0,0
2022-01-01,Facebook,Trendy,Cringe,тренд,187,24,10220,2699,0,371
2022-01-01,Facebook,Trendy,Trending new,тренд,522,105,21804,18485,5,871
2022-01-01,Facebook,Trendy,Lifestyle,тренд,939,131,20050,10192,3,1600
2022-01-01,Facebook,Wholesale,Interests,hobby,0,0,0,0,0,0
2022-01-01,Google,Wholesale,Interests,hobby,0,0,0,0,0,0
2022-01-02,Facebook,Lookalike,Trending new,тренд,0,0,0,0,0,0
2022-01-02,Facebook,Trendy,Trending new,тренд,2988,140,8208,25017,2,5438
2022-01-02,Facebook,Trendy,Lifestyle,тренд,0,0,0,0,0,0
2022-01-02,Facebook,Trendy,Cringe,тренд,0,0,0,0,0,0
2022-01-02,Facebook,Wholesale,Wide,cheap,0,0,0,0,0,0
2022-01-02,Google,Wholesale,Wide,cheap,0,0,0,0,0,0
2022-01-03,Facebook,Lookalike,Trending new,тренд,0,0,0,0,0,0
2022-01-03,Facebook,Trendy,Trending new,тренд,3201,306,44784,27499,5,5410
2022-01-03,Facebook,Trendy,Lifestyle,тренд,0,0,0,0,0,0
2022-01-03,Facebook,Wholesale,Clean,cheap,0,0,0,0,0,0
2022-01-03,Google,Wholesale,Clean,cheap,0,0,0,0,0,0
2022-01-04,Facebook,Trendy,Trending new,тренд,964,100,30504,8447,2,2117
2022-01-04,Facebook,Wholesale,Wide,cheap,0,0,0,0,0,0
2022-01-04,Google,Wholesale,Wide,cheap,0,0,0,0,0,0
2022-01-05,Facebook,Wholesale,Clean,cheap,0,0,0,0,0,0
2022-01-05,Google,Wholesale,Clean,cheap,0,0,0,0,0,0
2022-01-06,Facebook,Trendy,Trending new,тренд,3800,206,26336,6439,1,8735
2022-01-07,Facebook,Trendy,Trending new,тренд,2891,224,41669,37885,8,7102
2022-01-08,Facebook,Trendy,Trending new,тренд,2263,220,12824,11190,3,5332
2022-01-09,Facebook,Trendy,Trending new,тренд,2850,383,32217,12034,2,5873
2022-01-10,Facebook,Trendy,Trending new,тренд,685,151,17826,20682,5,900
2022-01-11,Facebook,Trendy,Trending new,тренд,1146,32,32720,21521,2,2850
2022-01-12,Facebook,Trendy,Trending new,тренд,838,106,16934,30769,2,918
2022-01-13,Facebook,Trendy,Trending new,тренд,711,119,31288,7186,4,811
2022-01-14,Facebook,Trendy,Trending new,тренд,1894,168,9045,7374,2,3738
2022-01-15,Facebook,Trendy,Trending new,тренд,2934,55,13238,25973,1,5689
2022-01-16,Facebook,Trendy,Trending new,тренд,3511,79,26504,15855,3,8419
2022-01-17,Facebook,Trendy,Trending new,тренд,1758,96,3215,12585,1,3535
2022-01-18,Facebook,Trendy,Trending new,тренд,0,0,0,0,0,0
2022-01-19,Facebook,Trendy,Trending new,тренд,0,0,0,0,0,0
2022-01-20,Facebook,Trendy,Trending new,тренд,0,0,0,0,0,0
2022-01-25,Facebook,Trendy,Trending new,тренд,1591,53,4220,4274,0,3149
2022-01-26,Facebook,Trendy,Trending new,тренд,2158,104,9485,6325,1,2354
2022-01-27,Facebook,Trendy,Trending new,тренд,450,66,5092,10260,1,591
2022-01-28,Facebook,Trendy,Trending new,тренд,1927,147,4607,12441,1,2877
2022-01-29,Facebook,Trendy,Trending new,тренд,1804,22,15815,13143,2,2477
2022-01-30,Facebook,Trendy,Trending new,тренд,998,93,6179,12124,2,1984
2022-01-31,Facebook,Trendy,Trending new,тренд,1693,80,19554,3318,2,3383
2022-02-02,Facebook,Trendy,Trending new,тренд,813,23,5202,6988,1,1190
2022-02-03,Facebook,Trendy,Trending new,тренд,544,95,15077,3775,1,971
2022-02-04,Facebook,Trendy,Trending new,тренд,990,27,14389,14013,0,2081
2022-02-05,Facebook,Trendy,Trending new,тренд,1775,71,9732,7990,2,3426
2022-02-06,Facebook,Trendy,Trending new,тренд,578,66,11941,16591,3,917
2022-02-07,Facebook,Trendy,Trending new,тренд,1602,174,20425,19242,1,2999
2022-02-08,Facebook,Trendy,Trending new,тренд,699,102,27130,23740,0,1286
2022-02-09,Facebook,Trendy,Trending new,тренд,1425,63,16773,9630,1,3305
2022-02-11,Facebook,Trendy,Trending new,тренд,2699,129,6987,19218,2,5454
2022-02-12,Facebook,Trendy,Trending new,тренд,806,197,9780,13197,2,1908
2022-02-13,Facebook,Trendy,Trending new,тренд,3716,57,23426,4439,3,8988
2022-02-14,Facebook,Trendy,Trending new,тренд,797,164,33804,19147,3,1725
2022-02-16,Facebook,Trendy,Trending new,тренд,3289,105,10580,10853,2,5807
2022-02-17,Facebook,Trendy,Trending new,тренд,2232,112,4345,4111,3,3088
2022-02-18,Facebook,Trendy,Trending new,тренд,1715,114,9152,15841,1,3605
2022-02-19,Facebook,Trendy,Trending new,тренд,642,133,8206,19650,2,702
2022-02-20,Facebook,Trendy,Trending new,тренд,1033,142,20064,24378,5,1737
2022-02-21,Facebook,Trendy,Trending new,тренд,614,99,25970,4594,4,1223
2022-02-22,Facebook,Trendy,Trending new,тренд,957,101,30855,9259,2,1123
2022-02-23,Facebook,Trendy,Trending new,тренд,3400,182,43659,42474,2,8069
2022-02-24,Facebook,Trendy,Trending new,тренд,734,10,6302,7063,0,1157
2022-03-19,Facebook,Expansion,Pretty,twitch,9407,33,1731,2753,1,12531
2022-03-19,Facebook,Expansion,Streaming,twitch,23775,74,24710,17726,4,31241
2022-03-19,Facebook,Expansion,Unknown,twitch,5157,12,2917,2701,0,8812
2022-03-19,Google,Expansion,Products,upgrade,3083,7,3431,2524,1,2434
2022-03-19,Google,Expansion,Streaming,twitch,22480,143,4693,19684,1,34731
2022-03-19,Google,Expansion,Pretty,twitch,8061,32,3182,2777,0,11920
2022-03-19,Google,Expansion,Top gear,top_gear,2341,24,668,1544,1,1940
2022-03-20,Facebook,Expansion,Streaming,twitch,27690,592,65292,13220,9,40859
2022-03-20,Facebook,Expansion,Pretty,twitch,19216,91,9950,2944,2,28496
2022-03-20,Facebook,Expansion,Products,upgrade,3489,76,11562,6366,0,4308
2022-03-20,Facebook,Expansion,Top gear,top_gear,682,2,92,123,0,621
2022-03-20,Google,Expansion,Pretty,twitch,12089,128,12685,12346,0,17071
2022-03-20,Google,Expansion,Streaming,twitch,60914,584,21972,40164,10,56795
2022-03-20,Google,Expansion,Unknown,twitch,7578,41,4927,2785,1,11261
2022-03-21,Facebook,Expansion,Top gear,top_gear,319,1,151,45,0,376
2022-03-21,Facebook,Expansion,Unknown,twitch,5240,96,9648,2073,1,4770
2022-03-21,Facebook,Expansion,Streaming,twitch,14536,509,45072,9148,8,19770
2022-03-21,Facebook,Expansion,Products,upgrade,14342,51,6384,9715,3,16235
2022-03-21,Facebook,Expansion,Pretty,twitch,20770,167,4377,7376,0,28583
2022-03-21,Google,Expansion,Products,upgrade,10289,48,1584,4165,3,11299
2022-03-21,Google,Expansion,Top gear,top_gear,234,2,148,86,0,158
2022-03-21,Google,Expansion,Pretty,twitch,12566,56,7596,8284,2,13957
2022-03-21,Google,Expansion,Unknown,twitch,10333,73,4191,2113,2,8809
2022-03-21,Google,Expansion,Streaming,twitch,14175,480,40831,19359,2,13028
2022-03-22,Facebook,Expansion,Pretty,twitch,12099,58,13379,9440,2,9921
2022-03-22,Facebook,Expansion,Products,upgrade,8699,65,2388,6020,1,13821
2022-03-22,Facebook,Expansion,Unknown,twitch,9424,41,1808,8964,0,13302
2022-03-22,Facebook,Expansion,Top gear,top_gear,251,1,30,98,0,203
2022-03-22,Facebook,Expansion,Streaming,twitch,46435,220,46176,39764,9,68214
2022-03-22,Google,Expansion,Products,upgrade,11457,83,3581,9094,1,12249
2022-03-22,Google,Expansion,Top gear,top_gear,124,3,151,131,0,115
2022-03-22,Google,Expansion,Unknown,twitch,8643,90,3708,2403,2,8721
2022-03-22,Google,Expansion,Pretty,twitch,11445,199,2411,1625,3,9021
2022-03-23,Facebook,Expansion,Unknown,twitch,16167,111,6577,3112,0,25900
2022-03-23,Facebook,Expansion,Top gear,top_gear,1265,8,234,531,0,1089
2022-03-23,Facebook,Expansion,Pretty,twitch,8904,71,14622,4433,5,8472
2022-03-23,Facebook,Expansion,Streaming,twitch,56347,200,35016,15621,6,86118
2022-03-23,Facebook,Expansion,Products,upgrade,6929,24,6125,4250,1,5817
2022-03-23,Google,Expansion,Streaming,twitch,50500,367,31250,4784,4,38213
2022-03-23,Google,Expansion,Top gear,top_gear,389,6,501,339,0,437
2022-03-23,Google,Expansion,Unknown,twitch,11542,43,9082,4447,1,13244
2022-03-23,Google,Expansion,Products,upgrade,15018,11,10332,5591,2,13856
2022-03-23,Google,Expansion,Pretty,twitch,14524,110,4243,3867,1,9678
2022-03-24,Facebook,Expansion,Unknown,twitch,17706,169,5664,12157,4,23201
2022-03-24,Facebook,Expansion,Products,upgrade,20418,29,3415,2536,4,31684
2022-03-24,Facebook,Expansion,Top gear,top_gear,264,2,136,264,0,261
2022-03-24,Facebook,Expansion,Pretty,twitch,14372,207,6341,2400,6,19952
2022-03-24,Google,Expansion,Streaming,twitch,23208,674,28572,19188,1,18889
2022-03-24,Google,Expansion,Products,upgrade,3868,29,6313,9148,1,4227
2022-03-24,Google,Expansion,Top gear,top_gear,439,3,86,121,0,303
2022-03-24,Google,Expansion,Pretty,twitch,20319,254,2748,10928,5,20998
2022-03-24,Google,Expansion,Unknown,twitch,10566,92,8442,9226,3,8535
2022-03-25,Facebook,Expansion,Unknown,twitch,19743,140,11217,6873,0,16638
2022-03-25,Facebook,Expansion,Streaming,twitch,38752,786,14832,27453,6,36207
2022-03-25,Facebook,Expansion,Pretty,twitch,35696,347,8490,5535,4,27537
2022-03-25,Facebook,Expansion,Products,upgrade,19775,31,5132,11780,1,32217
2022-03-25,Google,Expansion,Pretty,twitch,25957,198,16764,4532,2,42436
2022-03-25,Google,Expansion,Streaming,twitch,20098,313,33651,38247,9,19877
2022-03-25,Google,Expansion,Products,upgrade,5878,26,2772,3530,0,6113
2022-03-25,Google,Expansion,Unknown,twitch,4446,56,7848,8362,2,3770
2022-03-26,Facebook,Expansion,Top gear,top_gear,784,4,562,195,0,645
2022-03-26,Facebook,Expansion,Unknown,twitch,3541,120,16754,12197,3,4366
2022-03-26,Facebook,Expansion,Pretty,twitch,33487,171,12331,13684,6,38864
2022-03-26,Facebook,Expansion,Products,upgrade,9673,47,15693,6752,4,8096
2022-03-26,Facebook,Hobbies,Tinkering,upgrades,384,260,17294,12190,7,436
2022-03-26,Facebook,Hobbies,Slow,upgrades,1096,271,8229,4557,6,1179
2022-03-26,Facebook,Hobbies,Outdoors,upgrades,1280,92,9279,13491,3,1281
2022-03-26,Google,Expansion,Streaming,twitch,41719,169,28359,34817,5,37088
2022-03-26,Google,Expansion,Top gear,top_gear,1162,5,263,372,0,1045
2022-03-26,Google,Expansion,Products,upgrade,8386,14,8433,6589,0,12613
2022-03-26,Google,Expansion,Pretty,twitch,25555,41,12760,6832,6,24352
2022-03-26,Google,Expansion,Unknown,twitch,6244,156,5035,2579,1,9869
2022-03-26,Google,Hobbies,Outdoors,upgrades,1012,115,9207,13232,6,731
2022-03-26,Google,Hobbies,Slow,upgrades,735,294,6545,14994,1,499
2022-03-26,Google,Hobbies,Tinkering,upgrades,790,199,13198,11434,1,734
2022-03-27,Facebook,Expansion,Products,upgrade,16728,22,18388,15451,4,22844
2022-03-27,Facebook,Expansion,Pretty,twitch,8509,169,4320,5959,1,11550
2022-03-27,Facebook,Expansion,Streaming,twitch,68412,461,27172,50533,1,76360
2022-03-27,Facebook,Expansion,Unknown,twitch,22314,314,24121,20499,3,20317
2022-03-27,Facebook,Expansion,Top gear,top_gear,1736,23,562,485,0,1711
2022-03-27,Facebook,Hobbies,Tinkering,upgrades,914,322,24716,48022,17,756
2022-03-27,Facebook,Hobbies,Slow,upgrades,1171,706,35796,21399,6,1317
2022-03-27,Facebook,Hobbies,Outdoors,upgrades,1723,280,18484,17617,10,2285
2022-03-27,Google,Expansion,Products,upgrade,13165,70,10393,14063,1,16819
2022-03-27,Google,Expansion,Top gear,top_gear,1053,14,351,979,0,876
2022-03-27,Google,Expansion,Pretty,twitch,10159,35,11219,11769,1,11589
2022-03-27,Google,Expansion,Unknown,twitch,16256,136,16400,6743,1,18768
2022-03-27,Google,Hobbies,Tinkering,upgrades,2689,175,45300,32366,9,2741
2022-03-27,Google,Hobbies,Slow,upgrades,438,392,22930,26013,10,577
2022-03-28,Facebook,Expansion,Pretty,twitch,11164,282,3180,6673,1,14079
2022-03-28,Facebook,Expansion,Streaming,twitch,78872,464,36772,8985,9,123616
2022-03-28,Facebook,Expansion,Top gear,top_gear,758,7,792,526,0,958
2022-03-28,Facebook,Expansion,Unknown,twitch,26404,283,9090,4756,2,42513
2022-03-28,Facebook,Expansion,Products,upgrade,25718,66,5574,13441,0,28467
2022-03-28,Facebook,Hobbies,Outdoors,upgrades,3157,101,59912,48951,6,2581
2022-03-28,Facebook,Hobbies,Slow,upgrades,1918,487,16382,22346,9,2542
2022-03-28,Facebook,Hobbies,Tinkering,upgrades,1960,197,25117,29359,0,2999
2022-03-28,Google,Expansion,Top gear,top_gear,1480,5,182,181,0,981
2022-03-28,Google,Expansion,Products,upgrade,7463,121,8091,13407,2,12070
2022-03-28,Google,Expansion,Streaming,twitch,17852,703,21306,23944,9,22863
2022-03-28,Google,Hobbies,Tinkering,upgrades,2400,377,40423,10139,14,3231
2022-03-28,Google,Hobbies,Slow,upgrades,392,129,10062,28967,4,519
2022-03-28,Google,Hobbies,Outdoors,upgrades,2940,387,21149,9726,3,4070
2022-03-29,Facebook,Expansion,Top gear,top_gear,635,5,665,416,0,1080
2022-03-29,Facebook,Expansion,Pretty,twitch,20776,231,6715,11705,6,20822
2022-03-29,Facebook,Expansion,Streaming,twitch,97021,906,14350,52306,3,150183
2022-03-29,Facebook,Expansion,Products,upgrade,9658,66,4224,8340,3,12302
2022-03-29,Facebook,Expansion,Unknown,twitch,3787,37,1866,1172,0,5469
2022-03-29,Facebook,Hobbies,Tinkering,upgrades,1703,226,34558,48140,7,2855
2022-03-29,Facebook,Hobbies,Slow,upgrades,436,320,14711,7841,10,667
2022-03-29,Facebook,Hobbies,Outdoors,upgrades,2824,486,10784,55209,3,2454
2022-03-29,Google,Expansion,Top gear,top_gear,1129,6,622,385,0,805
2022-03-29,Google,Expansion,Pretty,twitch,4511,238,5669,5893,6,5316
2022-03-29,Google,Expansion,Unknown,twitch,12319,41,921,5966,0,12186
2022-03-29,Google,Hobbies,Tinkering,upgrades,2084,227,30709,33769,2,2454
2022-03-29,Google,Hobbies,Slow,upgrades,709,164,14653,14907,8,668
2022-03-29,Google,Hobbies,Outdoors,upgrades,1285,487,28992,7608,11,1623
2022-03-30,Facebook,Expansion,Pretty,twitch,27801,338,16539,6222,6,38782
2022-03-30,Facebook,Expansion,Top gear,top_gear,1364,5,656,685,0,1773
2022-03-30,Facebook,Expansion,Streaming,twitch,17579,261,36004,23358,9,20988
2022-03-30,Facebook,Expansion,Unknown,twitch,31453,203,9217,11212,1,25177
2022-03-30,Facebook,Expansion,Products,upgrade,13473,39,16448,16449,2,17407
2022-03-30,Facebook,Hobbies,Slow,upgrades,2444,307,20925,7467,5,3090
2022-03-30,Facebook,Hobbies,Outdoors,upgrades,1563,344,17675,9885,1,1238
2022-03-30,Facebook,Hobbies,Tinkering,upgrades,656,116,45893,24777,7,1123
2022-03-30,Google,Expansion,Top gear,top_gear,671,15,332,357,0,914
2022-03-30,Google,Expansion,Unknown,twitch,30495,107,11692,10661,0,44315
2022-03-30,Google,Expansion,Products,upgrade,23950,45,19372,6425,3,18655
2022-03-30,Google,Expansion,Streaming,twitch,31018,340,14370,6577,8,30719
2022-03-30,Google,Expansion,Pretty,twitch,15394,143,12558,8484,0,14228
2022-03-30,Google,Hobbies,Tinkering,upgrades,556,162,7034,6130,4,782
2022-03-30,Google,Hobbies,Slow,upgrades,605,421,22541,26286,10,411
2022-03-30,Google,Hobbies,Outdoors,upgrades,2475,433,12062,35897,11,1800
2022-03-31,Facebook,Expansion,Products,upgrade,8767,150,6960,22220,6,13108
2022-03-31,Facebook,Expansion,Unknown,twitch,13668,115,11137,11682,4,14516
2022-03-31,Facebook,Expansion,Streaming,twitch,80472,457,26656,41081,3,101485
2022-03-31,Facebook,Expansion,Top gear,top_gear,1714,11,877,187,0,2997
2022-03-31,Facebook,Expansion,Pretty,twitch,31837,275,4864,16702,6,52205
2022-03-31,Facebook,Hobbies,Outdoors,upgrades,3101,504,25931,33820,3,2436
2022-03-31,Facebook,Hobbies,Slow,upgrades,2319,345,12727,9871,6,3018
2022-03-31,Facebook,Hobbies,Tinkering,upgrades,3471,283,41691,21437,9,4517
2022-03-31,Google,Expansion,Pretty,twitch,12167,129,12395,5800,5,8703
2022-03-31,Google,Expansion,Streaming,twitch,35223,619,37534,40414,12,24162
2022-03-31,Google,Expansion,Top gear,top_gear,2603,4,549,678,1,2048
2022-03-31,Google,Hobbies,Outdoors,upgrades,881,250,11290,37237,9,1411
2022-04-01,Facebook,Expansion,Streaming,twitch,21663,609,17739,27645,0,17864
2022-04-01,Facebook,Expansion,Pretty,twitch,21188,210,9962,13008,1,26948
2022-04-01,Facebook,Expansion,Top gear,top_gear,4422,21,1800,1726,1,4474
2022-04-01,Facebook,Expansion,Products,upgrade,5935,19,24978,5023,4,5435
2022-04-01,Facebook,Expansion,Unknown,twitch,19213,82,6926,4436,2,17879
2022-04-01,Facebook,Hobbies,Tinkering,upgrades,2276,189,33827,29871,4,2538
2022-04-01,Facebook,Hobbies,Outdoors,upgrades,3224,193,25113,15121,6,4213
2022-04-01,Facebook,Hobbies,Slow,upgrades,2325,58,15292,7672,5,2317
2022-04-01,Google,Expansion,Top gear,top_gear,987,22,647,758,1,1304
2022-04-01,Google,Expansion,Pretty,twitch,4973,151,6393,2539,4,3460
2022-04-01,Google,Expansion,Products,upgrade,15413,71,16995,17873,1,14553
2022-04-01,Google,Expansion,Streaming,twitch,17421,499,19004,22879,5,11581
2022-04-01,Google,Expansion,Unknown,twitch,3081,133,13157,9350,0,5068
2022-04-01,Google,Hobbies,Outdoors,upgrades,754,281,26061,7205,7,951
2022-04-01,Google,Hobbies,Tinkering,upgrades,906,237,33026,6788,5,1168
2022-04-01,Google,Hobbies,Slow,upgrades,1690,129,20037,21785,6,2567
2022-04-02,Facebook,Expansion,Products,upgrade,10146,29,27695,17587,2,15589
2022-04-02,Facebook,Expansion,Top gear,top_gear,1083,22,888,389,0,981
2022-04-02,Facebook,Expansion,Streaming,twitch,71287,602,14185,29831,10,76276
2022-04-02,Facebook,Expansion,Unknown,twitch,39994,153,7600,28836,2,42620
2022-04-02,Facebook,Expansion,Pretty,twitch,21739,139,5987,7834,2,28710
2022-04-02,Facebook,Hobbies,Tinkering,upgrades,687,207,16505,17635,9,533
2022-04-02,Facebook,Hobbies,Outdoors,upgrades,653,656,18078,14503,7,1106
2022-04-02,Google,Expansion,Products,upgrade,18383,22,5148,15287,4,14579
2022-04-02,Google,Expansion,Top gear,top_gear,2115,5,283,167,0,1867
2022-04-02,Google,Expansion,Pretty,twitch,22126,265,12843,14069,6,34154
2022-04-02,Google,Expansion,Streaming,twitch,80054,272,34786,23612,2,91332
2022-04-02,Google,Hobbies,Tinkering,upgrades,1072,330,44479,11145,6,1389
2022-04-02,Google,Hobbies,Slow,upgrades,1846,46,26056,12583,6,1758
2022-04-03,Facebook,Expansion,Streaming,twitch,65573,118,44793,30271,7,111636
2022-04-03,Facebook,Expansion,Unknown,twitch,46616,179,19460,28964,6,73227
2022-04-03,Facebook,Expansion,Top gear,top_gear,1186,4,1355,975,0,1565
2022-04-03,Facebook,Expansion,Products,upgrade,7095,89,8233,21455,4,11621
2022-04-03,Facebook,Expansion,Pretty,twitch,22848,194,29339,20801,7,31177
2022-04-03,Facebook,Hobbies,Outdoors,upgrades,2749,449,54823,18537,6,2571
2022-04-03,Google,Expansion,Streaming,twitch,57156,160,13455,24452,2,68033
2022-04-03,Google,Expansion,Top gear,top_gear,1708,2,405,621,0,2374
2022-04-03,Google,Expansion,Unknown,twitch,14992,244,27664,9895,3,21003
2022-04-03,Google,Expansion,Products,upgrade,27416,99,3260,11787,4,34284
2022-04-03,Google,Hobbies,Outdoors,upgrades,388,164,5892,42421,12,505
2022-04-03,Google,Hobbies,Slow,upgrades,1193,163,25009,20738,7,1025
2022-04-04,Facebook,Expansion,Pretty,twitch,44084,346,11650,15965,5,56879
2022-04-04,Facebook,Expansion,Top gear,top_gear,624,14,718,291,0,916
2022-04-04,Facebook,Expansion,Unknown,twitch,30049,439,26318,6099,5,35838
2022-04-04,Facebook,Expansion,Products,upgrade,35460,25,28230,13043,3,47943
2022-04-04,Facebook,Expansion,Streaming,twitch,34457,701,50289,43369,9,54140
2022-04-04,Facebook,Hobbies,Slow,upgrades,3319,332,21563,7731,4,5236
2022-04-04,Facebook,Hobbies,Tinkering,upgrades,3354,353,14412,18147,11,5165
2022-04-04,Facebook,Hobbies,Outdoors,upgrades,2536,643,11951,44144,0,4115
2022-04-04,Google,Expansion,Top gear,top_gear,1828,7,412,478,0,2089
2022-04-04,Google,Expansion,Pretty,twitch,32632,326,5915,17221,2,26698
2022-04-04,Google,Expansion,Products,upgrade,13607,14,2679,10019,2,12650
2022-04-04,Google,Hobbies,Tinkering,upgrades,1264,96,51799,11184,9,1572
2022-04-04,Google,Hobbies,Slow,upgrades,2667,262,19818,23857,8,3003
2022-04-05,Facebook,Expansion,Streaming,twitch,39345,680,45090,20685,10,54988
2022-04-05,Facebook,Expansion,Products,upgrade,19688,72,11598,4911,2,19610
2022-04-05,Facebook,Expansion,Pretty,twitch,45152,244,19189,12587,7,53175
2022-04-05,Facebook,Expansion,Top gear,top_gear,2899,13,1012,1180,0,2440
2022-04-05,Facebook,Hobbies,Tinkering,upgrades,1707,289,13886,30673,5,1491
2022-04-05,Facebook,Hobbies,Slow,upgrades,3825,209,11325,13464,6,4003
2022-04-05,Facebook,Hobbies,Outdoors,upgrades,3627,350,30434,11473,4,5423
2022-04-05,Google,Expansion,Top gear,top_gear,1593,13,869,826,0,1659
2022-04-05,Google,Expansion,Streaming,twitch,21643,118,31196,24056,11,22354
2022-04-05,Google,Hobbies,Outdoors,upgrades,842,351,30356,40604,10,1223
2022-04-05,Google,Hobbies,Slow,upgrades,1118,176,31538,7957,0,1085
2022-04-05,Google,Hobbies,Tinkering,upgrades,487,134,13615,29452,7,533
2022-04-06,Facebook,Expansion,Top gear,top_gear,429,4,273,286,0,398
2022-04-06,Facebook,Expansion,Pretty,twitch,6517,335,18878,14532,7,5179
2022-04-06,Facebook,Expansion,Streaming,twitch,74257,440,13018,14131,5,66859
2022-04-06,Facebook,Expansion,Unknown,twitch,35271,333,18779,17390,2,47935
2022-04-06,Facebook,Expansion,Products,upgrade,5902,90,20706,13168,0,9236
2022-04-06,Facebook,Hobbies,Outdoors,upgrades,4539,368,40895,26418,10,6332
2022-04-06,Facebook,Hobbies,Slow,upgrades,1874,238,51872,46957,2,1879
2022-04-06,Google,Expansion,Products,upgrade,30935,98,16269,6485,2,33858
2022-04-06,Google,Expansion,Unknown,twitch,35917,51,20812,18481,1,29743
2022-04-06,Google,Hobbies,Slow,upgrades,3283,239,26765,41561,6,3311
2022-04-06,Google,Hobbies,Outdoors,upgrades,3643,169,12444,49233,13,3789
2022-04-07,Facebook,Expansion,Top gear,top_gear,772,2,215,133,0,1028
2022-04-07,Facebook,Expansion,Unknown,twitch,35410,100,8799,18622,4,41351
2022-04-07,Facebook,Expansion,Products,upgrade,22280,84,19157,18796,3,29532
2022-04-07,Facebook,Expansion,Pretty,twitch,9627,306,11306,3664,7,16831
2022-04-07,Facebook,Hobbies,Tinkering,upgrades,3411,308,17275,29352,4,3370
2022-04-07,Facebook,Hobbies,Slow,upgrades,5874,491,57359,26261,3,7993
2022-04-07,Facebook,Hobbies,Outdoors,upgrades,4631,459,22966,27815,1,4964
2022-04-07,Google,Expansion,Pretty,twitch,24516,220,9319,5462,5,17981
2022-04-07,Google,Expansion,Unknown,twitch,14092,193,2965,7223,1,21158
2022-04-07,Google,Expansion,Products,upgrade,19282,89,15956,17488,3,12754
2022-04-07,Google,Expansion,Streaming,twitch,69111,282,29506,23857,1,65707
2022-04-07,Google,Hobbies,Outdoors,upgrades,5544,262,61734,61801,10,8528
2022-04-08,Facebook,Expansion,Streaming,twitch,88634,404,15522,20183,6,98013
2022-04-08,Facebook,Expansion,Top gear,top_gear,1764,5,127,189,0,1394
2022-04-08,Facebook,Expansion,Pretty,twitch,14987,252,11812,12682,2,14457
2022-04-08,Facebook,Expansion,Unknown,twitch,31648,57,9254,3442,2,31429
2022-04-08,Facebook,Expansion,Products,upgrade,23883,73,13113,17054,3,36521
2022-04-08,Facebook,Hobbies,Outdoors,upgrades,5831,734,71459,13266,1,4738
2022-04-08,Facebook,Hobbies,Slow,upgrades,1510,137,59152,21833,8,1303
2022-04-08,Facebook,Hobbies,Tinkering,upgrades,3442,357,50493,41715,1,4577
2022-04-08,Google,Expansion,Products,upgrade,13390,73,1838,8016,1,8931
2022-04-08,Google,Expansion,Top gear,top_gear,1413,6,288,195,0,1247
2022-04-08,Google,Expansion,Streaming,twitch,31701,564,39346,32417,4,44487
2022-04-08,Google,Expansion,Pretty,twitch,15588,67,2556,4231,3,19167
2022-04-08,Google,Hobbies,Tinkering,upgrades,2440,225,51329,10735,1,3032
2022-04-08,Google,Hobbies,Outdoors,upgrades,1600,510,57411,9401,4,2286
2022-04-08,Google,Hobbies,Slow,upgrades,4933,84,21594,42361,7,7262
2022-04-09,Facebook,Expansion,Pretty,twitch,45945,197,10742,4241,0,46146
2022-04-09,Facebook,Expansion,Top gear,top_gear,291,4,105,197,0,446
2022-04-09,Facebook,Expansion,Products,upgrade,41607,93,19846,20594,4,68711
2022-04-09,Facebook,Expansion,Unknown,twitch,27170,78,19097,19923,2,42616
2022-04-09,Facebook,Expansion,Streaming,twitch,88536,595,22888,20584,9,86071
2022-04-09,Facebook,Hobbies,Tinkering,upgrades,1340,75,39497,47522,6,1284
2022-04-09,Facebook,Hobbies,Slow,upgrades,3214,210,63101,16928,10,3005
2022-04-09,Facebook,Hobbies,Outdoors,upgrades,3385,749,70620,37908,8,4771
2022-04-09,Google,Expansion,Products,upgrade,15777,46,12526,5708,1,19861
2022-04-09,Google,Expansion,Unknown,twitch,36921,94,20431,20494,1,37916
2022-04-09,Google,Expansion,Pretty,twitch,36493,115,12197,3304,4,37103
2022-04-09,Google,Expansion,Top gear,top_gear,351,5,138,191,0,472
2022-04-09,Google,Expansion,Streaming,twitch,70807,315,10026,33232,1,78808
2022-04-09,Google,Hobbies,Outdoors,upgrades,820,658,13458,59534,8,612
2022-04-10,Facebook,Expansion,Pretty,twitch,16641,360,10149,12462,5,15584
2022-04-10,Facebook,Expansion,Streaming,twitch,86837,668,20269,8007,2,70019
2022-04-10,Facebook,Expansion,Unknown,twitch,24089,115,20221,5385,4,32091
2022-04-10,Facebook,Hobbies,Tinkering,upgrades,6035,88,45626,16987,8,8638
2022-04-10,Facebook,Hobbies,Slow,upgrades,5353,377,19103,11627,4,6668
2022-04-10,Google,Expansion,Pretty,twitch,19195,213,11249,7740,3,24921
2022-04-10,Google,Expansion,Unknown,twitch,18272,183,16495,12885,1,27392
2022-04-10,Google,Hobbies,Slow,upgrades,2486,110,55116,34122,5,2469
2022-04-10,Google,Hobbies,Tinkering,upgrades,1649,169,38973,41038,10,1174
2022-04-11,Facebook,Expansion,Streaming,twitch,97002,687,33542,23605,5,143672
2022-04-11,Facebook,Expansion,Products,upgrade,22841,85,17451,4089,2,38171
2022-04-11,Facebook,Expansion,Unknown,twitch,7289,127,6229,5524,1,7453
2022-04-11,Facebook,Expansion,Top gear,top_gear,911,5,335,419,0,1242
2022-04-11,Facebook,Hobbies,Slow,upgrades,5627,311,29253,29966,1,4776
2022-04-11,Facebook,Hobbies,Outdoors,upgrades,4350,472,84415,70979,6,6839
2022-04-11,Facebook,Hobbies,Tinkering,upgrades,4049,530,54695,28602,8,6187
2022-04-11,Google,Expansion,Unknown,twitch,13864,159,2365,7163,3,21976
2022-04-11,Google,Expansion,Top gear,top_gear,1000,5,105,102,0,718
2022-04-11,Google,Expansion,Pretty,twitch,11048,76,2466,12289,2,17872
2022-04-11,Google,Expansion,Streaming,twitch,95269,624,37735,6006,7,131815
2022-04-11,Google,Expansion,Products,upgrade,14208,24,10907,8505,1,16732
2022-04-11,Google,Hobbies,Slow,upgrades,579,190,45185,25681,4,509
2022-04-11,Google,Hobbies,Outdoors,upgrades,2026,601,69164,43576,3,1470
2022-04-12,Facebook,Expansion,Products,upgrade,34940,125,15532,18663,1,47854
2022-04-12,Facebook,Expansion,Pretty,twitch,25154,298,4578,16804,0,31921
2022-04-12,Facebook,Expansion,Unknown,twitch,14506,111,4166,5018,0,22256
2022-04-12,Facebook,Expansion,Streaming,twitch,68901,536,50107,46875,9,54765
2022-04-12,Facebook,Expansion,Top gear,top_gear,390,7,207,169,0,535
2022-04-12,Facebook,Hobbies,Outdoors,upgrades,3641,209,11052,51643,1,6179
2022-04-12,Facebook,Hobbies,Slow,upgrades,3151,273,29486,41819,1,4478
2022-04-12,Facebook,Hobbies,Tinkering,upgrades,3858,326,37860,49678,0,4352
2022-04-12,Google,Expansion,Top gear,top_gear,1827,6,254,74,0,1990
2022-04-12,Google,Expansion,Pretty,twitch,26928,133,14086,12208,5,37037
2022-04-12,Google,Expansion,Streaming,twitch,24049,443,43616,14631,1,27858
2022-04-12,Google,Expansion,Unknown,twitch,8203,55,3610,5429,1,11934
2022-04-12,Google,Expansion,Products,upgrade,26543,35,12537,3072,2,32630
2022-04-12,Google,Hobbies,Tinkering,upgrades,1852,127,11435,38620,6,2607
2022-04-12,Google,Hobbies,Slow,upgrades,2331,82,14840,29404,2,3102
2022-04-12,Google,Hobbies,Outdoors,upgrades,759,291,45553,13516,3,1112
2022-04-13,Facebook,Expansion,Streaming,twitch,82077,369,23228,34651,4,92729
2022-04-13,Facebook,Expansion,Top gear,top_gear,360,4,64,95,0,318
2022-04-13,Facebook,Expansion,Pretty,twitch,20932,263,15791,9169,1,26914
2022-04-13,Facebook,Expansion,Unknown,twitch,28419,44,6113,4966,0,31081
2022-04-13,Facebook,Expansion,Products,upgrade,30524,33,12143,11206,2,36488
2022-04-13,Facebook,Hobbies,Tinkering,upgrades,2223,355,14192,54167,4,3086
2022-04-13,Facebook,Hobbies,Outdoors,upgrades,3328,377,55343,13734,10,2730
2022-04-13,Facebook,Hobbies,Slow,upgrades,4594,241,12930,17831,4,5484
2022-04-13,Google,Expansion,Streaming,twitch,74837,291,29077,7493,7,87139
2022-04-13,Google,Expansion,Pretty,twitch,36159,166,4746,4555,4,51656
2022-04-13,Google,Expansion,Top gear,top_gear,515,3,102,257,0,720
2022-04-13,Google,Hobbies,Outdoors,upgrades,4545,512,13125,58712,2,5318
2022-04-13,Google,Hobbies,Slow,upgrades,5196,52,28241,10118,2,3688
2022-04-14,Facebook,Expansion,Top gear,top_gear,620,9,351,162,0,1030
2022-04-14,Facebook,Expansion,Pretty,twitch,6696,294,13518,16069,3,5130
2022-04-14,Facebook,Expansion,Products,upgrade,12527,79,10191,16982,0,14432
2022-04-14,Facebook,Expansion,Streaming,twitch,88408,362,32031,5678,6,142466
2022-04-14,Facebook,Hobbies,Outdoors,upgrades,4283,274,57030,15598,10,7472
2022-04-14,Facebook,Hobbies,Slow,upgrades,1934,392,15592,41702,4,2799
2022-04-14,Facebook,Hobbies,Tinkering,upgrades,3522,355,54407,22768,0,5501
2022-04-14,Google,Expansion,Streaming,twitch,15640,146,9408,9076,3,10293
2022-04-14,Google,Expansion,Products,upgrade,22383,85,5450,3813,2,34168
2022-04-14,Google,Expansion,Unknown,twitch,13708,57,13311,9373,0,21354
2022-04-14,Google,Expansion,Pretty,twitch,29185,132,3297,11852,3,43265
2022-04-14,Google,Hobbies,Slow,upgrades,519,260,22305,29362,4,625
2022-04-14,Google,Hobbies,Tinkering,upgrades,1174,101,12723,55929,2,1473
2022-04-15,Facebook,Expansion,Top gear,top_gear,892,0,230,205,0,1249
2022-04-15,Facebook,Expansion,Unknown,twitch,28287,289,14442,15147,1,22372
2022-04-15,Facebook,Expansion,Products,upgrade,22696,64,21813,17883,2,36230
2022-04-15,Facebook,Expansion,Streaming,twitch,81252,424,36045,7519,5,65485
2022-04-15,Facebook,Expansion,Pretty,twitch,25035,90,24193,7392,0,30862
2022-04-15,Facebook,Hobbies,Outdoors,upgrades,2566,197,15716,30020,6,3806
2022-04-15,Facebook,Hobbies,Slow,upgrades,5399,312,49850,30402,7,7582
2022-04-15,Google,Expansion,Unknown,twitch,26993,81,14397,14718,0,37032
2022-04-15,Google,Expansion,Top gear,top_gear,270,0,143,130,0,337
2022-04-15,Google,Expansion,Products,upgrade,21676,79,6430,8386,2,33919
2022-04-15,Google,Expansion,Pretty,twitch,21599,390,18866,15914,3,34851
2022-04-15,Google,Expansion,Streaming,twitch,44972,368,13986,10349,2,41747
2022-04-15,Google,Hobbies,Slow,upgrades,2628,104,8711,15118,4,3414
2022-04-15,Google,Hobbies,Outdoors,upgrades,4777,359,57022,15195,6,4609
2022-04-16,Facebook,Expansion,Products,upgrade,14638,120,14186,24226,3,24800
2022-04-16,Facebook,Expansion,Pretty,twitch,20325,416,11516,23185,1,21612
2022-04-16,Facebook,Expansion,Top gear,top_gear,466,4,167,223,0,426
2022-04-16,Facebook,Expansion,Unknown,twitch,43135,419,12997,11752,3,33622
2022-04-16,Facebook,Expansion,Streaming,twitch,39866,233,30799,26278,0,62652
2022-04-16,Facebook,Hobbies,Outdoors,upgrades,1251,484,60151,42306,5,1558
2022-04-16,Facebook,Hobbies,Slow,upgrades,2340,285,37169,9176,5,3859
2022-04-16,Google,Expansion,Pretty,twitch,39576,127,17643,3644,0,41082
2022-04-16,Google,Expansion,Products,upgrade,19639,41,6689,4989,3,18970
2022-04-16,Google,Expansion,Unknown,twitch,44195,206,19415,3764,1,70453
2022-04-16,Google,Expansion,Top gear,top_gear,575,1,60,192,0,787
2022-04-16,Google,Expansion,Streaming,twitch,24860,488,22758,34217,2,19319
2022-04-16,Google,Hobbies,Slow,upgrades,803,110,13347,30577,6,1124
2022-04-16,Google,Hobbies,Tinkering,upgrades,1707,276,9593,31412,1,2636
2022-04-16,Google,Hobbies,Outdoors,upgrades,958,337,17394,43795,3,1471
2022-04-17,Facebook,Expansion,Pretty,twitch,42885,456,28484,9395,0,71577
2022-04-17,Facebook,Expansion,Unknown,twitch,43230,157,20361,6383,0,44601
2022-04-17,Facebook,Expansion,Products,upgrade,17220,101,13841,9816,4,27920
2022-04-17,Facebook,Expansion,Streaming,twitch,78320,238,17549,21715,2,110180
2022-04-17,Facebook,Expansion,Top gear,top_gear,1735,7,240,169,0,1982
2022-04-17,Facebook,Hobbies,Outdoors,upgrades,6569,542,33503,60727,7,10378
2022-04-17,Facebook,Hobbies,Tinkering,upgrades,7210,303,62144,55892,2,7056
2022-04-17,Facebook,Hobbies,Slow,upgrades,5400,122,19455,32728,2,8018
2022-04-17,Google,Expansion,Products,upgrade,25107,114,4784,20930,2,23060
2022-04-17,Google,Expansion,Top gear,top_gear,674,2,186,243,0,729
2022-04-17,Google,Expansion,Pretty,twitch,31617,122,16733,2384,5,50914
2022-04-17,Google,Expansion,Streaming,twitch,60462,486,20768,7580,4,77888
2022-04-17,Google,Expansion,Unknown,twitch,28342,154,6883,12952,0,39848
2022-04-17,Google,Hobbies,Outdoors,upgrades,3625,155,43502,15277,3,5945
2022-04-17,Google,Hobbies,Slow,upgrades,4532,184,45574,30360,5,3941
2022-04-17,Google,Hobbies,Tinkering,upgrades,1746,122,43041,34273,6,1333
2022-04-18,Facebook,Expansion,Pretty,twitch,15292,206,30770,23124,6,12205
2022-04-18,Facebook,Expansion,Top gear,top_gear,738,4,110,371,0,606
2022-04-18,Facebook,Expansion,Products,upgrade,10408,102,24644,17600,6,16653
2022-04-18,Facebook,Expansion,Streaming,twitch,43833,691,10866,63093,4,39592
2022-04-18,Facebook,Expansion,Unknown,twitch,14643,218,11989,11809,1,19196
2022-04-18,Facebook,Hobbies,Tinkering,upgrades,4196,88,11429,36223,7,6939
2022-04-18,Facebook,Hobbies,Slow,upgrades,4705,171,17005,19716,5,4569
2022-04-18,Facebook,Hobbies,Outdoors,upgrades,3984,233,26997,53257,6,6105
2022-04-18,Google,Expansion,Unknown,twitch,11971,207,7694,15723,4,15604
2022-04-18,Google,Expansion,Streaming,twitch,60641,307,40073,52831,8,74619
2022-04-18,Google,Expansion,Pretty,twitch,28579,342,11834,6081,8,27405
2022-04-18,Google,Expansion,Products,upgrade,12293,132,18892,18777,6,12334
2022-04-18,Google,Expansion,Top gear,top_gear,343,11,402,143,0,234
2022-04-18,Google,Hobbies,Slow,upgrades,4127,62,41519,14054,1,4314
2022-04-19,Facebook,Expansion,Streaming,twitch,67928,457,27303,39978,12,105390
2022-04-19,Facebook,Expansion,Products,upgrade,27265,137,10066,36484,1,25038
2022-04-19,Facebook,Expansion,Top gear,top_gear,822,3,222,100,0,642
2022-04-19,Facebook,Hobbies,Slow,upgrades,383,52,9222,6735,1,646
2022-04-19,Facebook,Hobbies,Outdoors,upgrades,3508,106,19456,29412,3,3758
2022-04-19,Google,Expansion,Streaming,twitch,83875,538,47675,55182,4,124927
2022-04-19,Google,Expansion,Unknown,twitch,11488,129,2614,5478,0,17516
2022-04-19,Google,Expansion,Top gear,top_gear,806,2,229,296,0,630
2022-04-19,Google,Expansion,Pretty,twitch,8473,427,6391,14330,2,10283
2022-04-19,Google,Hobbies,Tinkering,upgrades,2929,110,49885,46059,8,4190
2022-04-19,Google,Hobbies,Slow,upgrades,486,25,8829,1784,1,563
2022-04-20,Facebook,Expansion,Streaming,twitch,17144,302,32307,45821,3,18051
2022-04-20,Facebook,Expansion,Pretty,twitch,38221,592,13002,4930,6,40930
2022-04-20,Facebook,Expansion,Products,upgrade,16323,201,5141,13995,4,22240
2022-04-20,Facebook,Expansion,Unknown,twitch,23919,79,26337,12409,2,34005
2022-04-20,Facebook,Hobbies,Outdoors,upgrades,9151,465,14660,68427,11,10310
2022-04-20,Facebook,Hobbies,Slow,upgrades,5873,123,49091,21664,3,7665
2022-04-20,Facebook,Hobbies,Tinkering,upgrades,7158,219,42469,26193,6,8702
2022-04-20,Google,Expansion,Products,upgrade,5609,84,10953,12233,5,8818
2022-04-20,Google,Expansion,Top gear,top_gear,646,6,257,268,0,682
2022-04-20,Google,Expansion,Streaming,twitch,21837,198,28640,8818,4,19775
2022-04-20,Google,Hobbies,Outdoors,upgrades,7606,85,47890,57129,12,10240
2022-04-20,Google,Hobbies,Slow,upgrades,4764,268,4867,11778,6,7183
2022-04-21,Facebook,Expansion,Top gear,top_gear,611,2,217,309,0,834
2022-04-21,Facebook,Expansion,Pretty,twitch,6710,205,8486,21357,1,5264
2022-04-21,Facebook,Expansion,Products,upgrade,31386,74,9112,31699,0,28488
2022-04-21,Facebook,Expansion,Streaming,twitch,33588,211,15828,9011,4,28209
2022-04-21,Facebook,Expansion,Unknown,twitch,38813,442,22229,13225,4,61879
2022-04-21,Facebook,Hobbies,Slow,upgrades,4698,264,19074,20775,0,8018
2022-04-21,Facebook,Hobbies,Tinkering,upgrades,9926,209,89263,26786,1,8027
2022-04-21,Facebook,Hobbies,Outdoors,upgrades,8210,595,76237,15699,2,14061
2022-04-21,Google,Expansion,Products,upgrade,7327,97,3435,4430,5,8642
2022-04-21,Google,Expansion,Unknown,twitch,18687,451,9426,16708,3,23446
2022-04-21,Google,Expansion,Streaming,twitch,9967,204,24576,19009,4,9244
2022-04-21,Google,Expansion,Pretty,twitch,15513,159,5284,4846,3,11919
2022-04-21,Google,Hobbies,Tinkering,upgrades,8199,489,49208,26860,8,11624
2022-04-21,Google,Hobbies,Outdoors,upgrades,6850,60,45645,29656,6,9931
2022-04-22,Facebook,Expansion,Unknown,twitch,18751,165,36816,12653,0,15889
2022-04-22,Facebook,Expansion,Top gear,top_gear,121,6,225,128,0,132
2022-04-22,Facebook,Expansion,Products,upgrade,8321,120,19254,17059,4,9073
2022-04-22,Facebook,Expansion,Pretty,twitch,17462,309,8342,6194,2,15425
2022-04-22,Facebook,Hobbies,Slow,upgrades,2888,212,53096,41882,6,4023
2022-04-22,Facebook,Hobbies,Tinkering,upgrades,10720,162,74605,91793,3,11494
2022-04-22,Google,Expansion,Unknown,twitch,16735,321,29365,22170,4,15118
2022-04-22,Google,Expansion,Streaming,twitch,10242,190,17597,12125,6,12719
2022-04-22,Google,Expansion,Pretty,twitch,26089,183,5955,8512,2,40277
2022-04-22,Google,Expansion,Top gear,top_gear,233,5,114,67,0,234
2022-04-22,Google,Expansion,Products,upgrade,28529,30,14903,7089,2,38152
2022-04-22,Google,Hobbies,Tinkering,upgrades,7254,443,70275,21841,11,11187
2022-04-23,Facebook,Expansion,Products,upgrade,31130,55,17140,13425,5,34943
2022-04-23,Facebook,Expansion,Unknown,twitch,0,0,0,0,0,0
2022-04-23,Facebook,Expansion,Pretty,twitch,0,0,0,0,0,0
2022-04-23,Facebook,Hobbies,Slow,upgrades,4125,342,35337,18658,1,6926
2022-04-23,Facebook,Hobbies,Outdoors,upgrades,7133,348,59726,49206,2,5965
2022-04-23,Google,Expansion,Products,upgrade,39832,69,26721,10810,3,44726
2022-04-23,Google,Expansion,Unknown,twitch,0,0,0,0,0,0
2022-04-23,Google,Expansion,Pretty,twitch,0,0,0,0,0,0
2022-04-23,Google,Hobbies,Outdoors,upgrades,8706,337,40373,54269,9,7686
2022-04-23,Google,Hobbies,Slow,upgrades,3807,186,33399,27171,3,4691
2022-04-23,Google,Hobbies,Tinkering,upgrades,4124,229,26483,11761,7,5186
2022-04-24,Facebook,Expansion,Products,upgrade,27281,163,17796,8214,0,28136
2022-04-24,Facebook,Expansion,Streaming,twitch,0,0,0,0,0,0
2022-04-24,Facebook,Expansion,Unknown,twitch,0,0,0,0,0,0
2022-04-24,Facebook,Expansion,Pretty,twitch,0,0,0,0,0,0
2022-04-24,Facebook,Hobbies,Slow,upgrades,8601,79,42295,41307,6,9969
2022-04-24,Facebook,Hobbies,Outdoors,upgrades,4648,565,69298,71079,13,3911
2022-04-24,Facebook,Hobbies,Tinkering,upgrades,2359,178,49973,31392,0,3800
2022-04-24,Google,Expansion,Unknown,twitch,0,0,0,0,0,0
2022-04-24,Google,Expansion,Streaming,twitch,0,0,0,0,0,0
2022-04-24,Google,Expansion,Products,upgrade,46950,68,20815,25147,2,37564
2022-04-24,Google,Expansion,Pretty,twitch,0,0,0,0,0,0
2022-04-24,Google,Hobbies,Outdoors,upgrades,4353,300,92622,106848,14,5212
2022-04-24,Google,Hobbies,Tinkering,upgrades,9840,526,81385,79958,0,10515
2022-04-24,Google,Hobbies,Slow,upgrades,4046,222,65501,36033,2,3548
2022-04-25,Facebook,Expansion,Products,upgrade,10182,96,38725,26833,5,14645
2022-04-25,Facebook,Hobbies,Tinkering,upgrades,4416,464,52775,57322,5,3887
2022-04-25,Facebook,Hobbies,Slow,upgrades,6651,90,66265,47406,1,7671
2022-04-25,Google,Expansion,Products,upgrade,25487,50,13776,5778,2,34856
2022-04-25,Google,Hobbies,Tinkering,upgrades,7352,68,48016,75218,0,7040
2022-04-25,Google,Hobbies,Slow,upgrades,6129,308,56831,6621,3,7618
2022-04-25,Google,Hobbies,Outdoors,upgrades,10746,457,56874,12193,3,13427
2022-04-26,Facebook,Expansion,Products,upgrade,28446,86,16877,17099,4,27067
2022-04-26,Facebook,Expansion,Streaming,twitch,0,0,0,0,0,0
2022-04-26,Facebook,Hobbies,Outdoors,upgrades,6504,557,59994,83494,4,7789
2022-04-26,Facebook,Hobbies,Tinkering,upgrades,9317,355,57467,99046,1,8047
2022-04-26,Facebook,Hobbies,Slow,upgrades,2256,69,53808,52659,1,3804
2022-04-26,Google,Expansion,Products,upgrade,38077,134,19526,12108,0,35493
2022-04-26,Google,Expansion,Streaming,twitch,0,0,0,0,0,0
2022-04-26,Google,Hobbies,Tinkering,upgrades,2240,87,29486,64243,11,2313
2022-04-26,Google,Hobbies,Slow,upgrades,7368,79,43257,17732,7,7158
2022-04-27,Facebook,Expansion,Products,upgrade,28298,129,5700,12230,3,37730
2022-04-27,Facebook,Hobbies,Tinkering,upgrades,10122,106,56941,82514,1,9654
2022-04-27,Facebook,Hobbies,Outdoors,upgrades,9906,166,55917,85162,6,12914
2022-04-27,Facebook,Hobbies,Slow,upgrades,2055,170,35979,42644,0,1995
2022-04-27,Google,Expansion,Products,upgrade,4549,72,13840,6348,4,7068
2022-04-27,Google,Hobbies,Outdoors,upgrades,8794,445,69268,48813,1,10476
2022-04-27,Google,Hobbies,Slow,upgrades,3806,200,9840,10196,3,3715
2022-04-27,Google,Hobbies,Tinkering,upgrades,8248,319,41972,68912,5,11800
2022-04-28,Facebook,Expansion,Products,upgrade,43248,98,15670,7014,1,45401
2022-04-28,Facebook,Hobbies,Outdoors,upgrades,7761,91,109320,90043,10,10986
2022-04-28,Facebook,Hobbies,Tinkering,upgrades,3235,316,94672,61389,2,2854
2022-04-28,Facebook,Hobbies,Slow,upgrades,4755,275,65625,23726,4,7714
2022-04-28,Google,Hobbies,Slow,upgrades,3804,73,10796,40161,6,6180
2022-04-28,Google,Hobbies,Outdoors,upgrades,6653,179,71600,32973,7,10117
2022-04-29,Facebook,Hobbies,Slow,upgrades,3475,205,25152,9139,3,2748
2022-04-29,Facebook,Hobbies,Outdoors,upgrades,2899,218,32246,19042,7,3500
2022-04-29,Google,Expansion,Products,upgrade,34204,125,14399,12417,4,41551
2022-04-29,Google,Hobbies,Tinkering,upgrades,1381,190,45189,68598,4,1213
2022-04-29,Google,Hobbies,Outdoors,upgrades,4064,112,24941,39504,6,5652
2022-04-30,Facebook,Expansion,Products,upgrade,49948,24,36688,30637,1,70789
2022-04-30,Facebook,Hobbies,Tinkering,upgrades,12116,437,72530,69334,3,9446
2022-04-30,Facebook,Hobbies,Slow,upgrades,8330,203,15435,20624,2,8494
2022-04-30,Google,Expansion,Products,upgrade,30390,30,17851,22171,2,38455
2022-04-30,Google,Hobbies,Slow,upgrades,1542,104,15354,34872,3,1233
2022-04-30,Google,Hobbies,Tinkering,upgrades,3700,149,21595,52946,7,3014
2022-05-01,Facebook,Expansion,Products,upgrade,32461,104,22457,22404,2,36235
2022-05-01,Facebook,Hobbies,Slow,upgrades,5153,273,75903,42577,3,4705
2022-05-01,Facebook,Hobbies,Tinkering,upgrades,4473,189,42748,27935,4,3976
2022-05-01,Google,Expansion,Products,upgrade,33002,66,24774,7938,7,26870
2022-05-01,Google,Hobbies,Outdoors,upgrades,11739,99,41473,71409,0,13998
2022-05-01,Google,Hobbies,Slow,upgrades,902,243,49887,19360,1,825
2022-05-01,Google,Hobbies,Tinkering,upgrades,10839,415,34850,41900,10,14706
2022-05-02,Facebook,Expansion,Products,upgrade,16973,66,19490,20345,4,18516
2022-05-02,Facebook,Hobbies,Outdoors,upgrades,10839,391,18844,117258,1,16788
2022-05-02,Facebook,Hobbies,Tinkering,upgrades,8233,171,16208,37798,9,6939
2022-05-02,Facebook,Hobbies,Slow,upgrades,7179,68,33173,22129,2,8294
2022-05-02,Google,Expansion,Products,upgrade,38234,30,13800,11345,2,40421
2022-05-02,Google,Hobbies,Outdoors,upgrades,7108,204,64848,32034,9,5621
2022-05-02,Google,Hobbies,Slow,upgrades,783,163,24119,48236,1,846
2022-05-03,Facebook,Expansion,Products,upgrade,20346,44,52071,42307,5,17864
2022-05-03,Facebook,Hobbies,Outdoors,upgrades,4157,357,47216,85331,8,6382
2022-05-03,Facebook,Hobbies,Tinkering,upgrades,6084,356,95026,60421,5,7428
2022-05-03,Facebook,Hobbies,Slow,upgrades,6121,221,13713,11388,6,5692
2022-05-03,Google,Expansion,Products,upgrade,17853,54,7223,28629,3,28456
2022-05-03,Google,Hobbies,Outdoors,upgrades,1883,63,24896,95031,5,1541
2022-05-03,Google,Hobbies,Tinkering,upgrades,9834,298,28674,24150,12,13950
2022-05-03,Google,Hobbies,Slow,upgrades,7250,38,31691,10725,3,8166
2022-05-04,Facebook,Expansion,Products,upgrade,12013,86,37961,25894,4,15729
2022-05-04,Facebook,Hobbies,Slow,upgrades,605,40,5775,12146,1,736
2022-05-04,Facebook,Hobbies,Outdoors,upgrades,12501,255,58087,70554,8,10253
2022-05-04,Google,Expansion,Products,upgrade,7923,73,13536,5779,6,12637
2022-05-04,Google,Hobbies,Slow,upgrades,1468,19,9789,8307,0,2001
2022-05-04,Google,Hobbies,Tinkering,upgrades,6632,231,16646,43934,6,4458
2022-05-04,Google,Hobbies,Outdoors,upgrades,1780,155,30459,13161,6,1382
2022-05-05,Facebook,Expansion,Products,upgrade,29115,58,8777,35530,0,42152
2022-05-05,Facebook,Hobbies,Outdoors,upgrades,10441,274,49500,45292,4,13675
2022-05-05,Google,Expansion,Products,upgrade,12998,92,7859,5692,4,12074
2022-05-05,Google,Hobbies,Tinkering,upgrades,9836,131,38585,22502,3,12765
2022-05-05,Google,Hobbies,Outdoors,upgrades,11166,198,44968,55129,9,7902
2022-05-06,Facebook,Expansion,Products,upgrade,34202,84,22643,19492,2,59674
2022-05-06,Facebook,Hobbies,Outdoors,upgrades,11597,370,61046,36022,2,11741
2022-05-06,Facebook,Hobbies,Tinkering,upgrades,6833,424,46663,52916,5,6647
2022-05-06,Google,Expansion,Products,upgrade,25086,112,12126,28983,2,17317
2022-05-06,Google,Hobbies,Tinkering,upgrades,6823,407,37513,35455,4,7188
2022-05-06,Google,Hobbies,Outdoors,upgrades,1371,214,22456,20170,13,1559
2022-05-07,Facebook,Expansion,Products,upgrade,37644,108,35865,14455,6,36720
2022-05-07,Facebook,Hobbies,Tinkering,upgrades,8854,358,82134,50483,2,6656
2022-05-07,Facebook,Hobbies,Outdoors,upgrades,3718,349,91638,62080,4,5414
2022-05-07,Google,Expansion,Products,upgrade,5440,131,13609,9484,5,6325
2022-05-07,Google,Hobbies,Tinkering,upgrades,7608,167,21675,20184,9,8428
2022-05-08,Facebook,Expansion,Products,upgrade,19870,134,16562,32486,1,21645
2022-05-08,Facebook,Hobbies,Tinkering,upgrades,3672,420,36950,87602,10,4890
2022-05-08,Facebook,Hobbies,Outdoors,upgrades,4647,143,75281,40793,12,6680
2022-05-08,Google,Expansion,Products,upgrade,9821,157,19115,19080,5,6994
2022-05-08,Google,Hobbies,Outdoors,upgrades,11451,385,14370,98650,7,10516
2022-05-08,Google,Hobbies,Tinkering,upgrades,11308,232,103882,19300,6,7566
2022-05-09,Facebook,Expansion,Products,upgrade,26845,61,13029,10801,2,37300
2022-05-09,Facebook,Hobbies,Outdoors,upgrades,4972,62,49162,16764,2,4786
2022-05-09,Facebook,Hobbies,Tinkering,upgrades,3461,263,36627,46484,3,4624
2022-05-09,Facebook,Hobbies,Slow,upgrades,823,111,22314,17137,2,654
2022-05-09,Google,Hobbies,Slow,upgrades,2520,21,25217,21162,1,1779
2022-05-09,Google,Hobbies,Tinkering,upgrades,2773,155,21083,20019,5,3510
2022-05-09,Google,Hobbies,Outdoors,upgrades,839,30,6630,43482,6,742
2022-05-10,Facebook,Expansion,Streaming,twitch,101760,184,10746,33742,3,139689
2022-05-10,Facebook,Expansion,Products,upgrade,28273,128,23359,32882,2,42905
2022-05-10,Facebook,Hobbies,Slow,upgrades,4576,50,13614,32847,1,4695
2022-05-10,Facebook,Hobbies,Tinkering,upgrades,1816,45,12009,28260,5,3122
2022-05-10,Facebook,Hobbies,Outdoors,upgrades,5096,39,46512,30411,3,6069
2022-05-10,Google,Expansion,Streaming,twitch,49911,695,11549,36202,12,58796
2022-05-10,Google,Hobbies,Tinkering,upgrades,3550,21,21428,18819,5,3310
2022-05-11,Facebook,Expansion,Streaming,twitch,7435,144,15174,4921,1,8032
2022-05-11,Facebook,Expansion,Products,upgrade,49422,140,12109,25491,4,39085
2022-05-11,Facebook,Hobbies,Slow,upgrades,4574,128,23153,8701,2,7056
2022-05-11,Facebook,Hobbies,Outdoors,upgrades,3052,64,33917,24526,4,5027
2022-05-11,Facebook,Hobbies,Tinkering,upgrades,3787,119,38749,14094,3,6378
2022-05-11,Google,Expansion,Streaming,twitch,14086,68,9061,7423,1,18370
2022-05-11,Google,Expansion,Products,upgrade,4700,38,11098,6079,3,3115
2022-05-11,Google,Hobbies,Outdoors,upgrades,1175,73,37296,17783,5,918
2022-05-11,Google,Hobbies,Tinkering,upgrades,4123,104,32763,28697,1,5306
2022-05-12,Facebook,Expansion,Products,upgrade,50967,111,6672,28035,3,59143
2022-05-12,Facebook,Hobbies,Tinkering,upgrades,6597,92,41375,10213,1,8978
2022-05-12,Facebook,Hobbies,Outdoors,upgrades,1362,180,14347,44381,6,2312
2022-05-12,Facebook,Hobbies,Slow,upgrades,758,38,11512,6236,2,1164
2022-05-12,Google,Expansion,Streaming,twitch,0,0,0,0,0,0
2022-05-12,Google,Expansion,Products,upgrade,10375,73,25625,16120,1,12089
2022-05-12,Google,Hobbies,Outdoors,upgrades,3235,276,33530,23732,3,3225
2022-05-12,Google,Hobbies,Tinkering,upgrades,4699,207,29614,26818,3,5475
2022-05-12,Google,Hobbies,Slow,upgrades,2674,135,19162,22683,0,3791
2022-05-13,Facebook,Expansion,Products,upgrade,34632,100,10100,8863,1,43045
2022-05-13,Facebook,Expansion,Streaming,twitch,0,0,0,0,0,0
2022-05-13,Facebook,Hobbies,Outdoors,upgrades,3638,211,20278,38178,1,3545
2022-05-13,Facebook,Hobbies,Slow,upgrades,4545,92,24771,26753,1,4912
2022-05-13,Google,Expansion,Products,upgrade,5897,56,18517,23331,3,5734
2022-05-13,Google,Hobbies,Outdoors,upgrades,2096,143,36750,43573,3,2206
2022-05-13,Google,Hobbies,Tinkering,upgrades,3949,77,5244,27117,3,3708
2022-05-14,Facebook,Expansion,Products,upgrade,32407,23,8895,32657,1,47399
2022-05-14,Facebook,Hobbies,Outdoors,upgrades,3895,240,34392,21181,5,6810
2022-05-14,Facebook,Hobbies,Slow,upgrades,4297,58,9751,14346,3,4384
2022-05-14,Facebook,Hobbies,Tinkering,upgrades,3601,201,12302,15010,2,5150
2022-05-14,Google,Expansion,Products,upgrade,29241,105,20195,22916,5,34054
2022-05-14,Google,Hobbies,Slow,upgrades,1118,45,25547,22868,0,828
2022-05-14,Google,Hobbies,Tinkering,upgrades,913,190,32866,3875,3,1405
2022-05-14,Google,Hobbies,Outdoors,upgrades,1438,96,14038,41485,1,2285
2022-05-15,Facebook,Expansion,Products,upgrade,23733,102,23706,7844,0,41256
2022-05-15,Facebook,Hobbies,Outdoors,upgrades,2968,187,41503,41396,1,4709
2022-05-15,Facebook,Hobbies,Tinkering,upgrades,2701,78,38127,39651,3,3560
2022-05-15,Facebook,Hobbies,Slow,upgrades,1335,74,15253,20725,4,1970
2022-05-15,Google,Expansion,Products,upgrade,29810,31,37847,4775,4,36678
2022-05-15,Google,Hobbies,Tinkering,upgrades,2263,231,50287,46130,7,2627
2022-05-15,Google,Hobbies,Slow,upgrades,4297,33,19761,24589,0,7072
2022-05-15,Google,Hobbies,Outdoors,upgrades,1871,279,33539,24236,6,2549
2022-05-16,Facebook,Hobbies,Outdoors,upgrades,5715,334,10878,10324,4,8042
2022-05-16,Facebook,Hobbies,Slow,upgrades,1454,45,15513,22721,2,2238
2022-05-16,Facebook,Hobbies,Tinkering,upgrades,7528,133,43416,36417,5,10913
2022-05-16,Google,Hobbies,Tinkering,upgrades,1815,164,33144,23941,6,2363
2022-05-16,Google,Hobbies,Outdoors,upgrades,5316,92,39017,15108,4,3909
2022-05-16,Google,Hobbies,Slow,upgrades,4054,51,19082,14788,0,6540
2022-05-17,Facebook,Expansion,Products,upgrade,31886,114,33077,10733,1,48545
2022-05-17,Facebook,Hobbies,Tinkering,upgrades,5437,106,34663,7787,3,6602
2022-05-17,Facebook,Hobbies,Slow,upgrades,4190,110,35087,29827,3,4758
2022-05-17,Facebook,Hobbies,Outdoors,upgrades,7870,303,45401,56862,3,11722
2022-05-17,Google,Expansion,Products,upgrade,7731,69,21574,21480,0,11331
2022-05-17,Google,Hobbies,Slow,upgrades,5408,136,8209,34808,5,5590
2022-05-17,Google,Hobbies,Tinkering,upgrades,1692,203,20944,23345,1,1372
2022-05-18,Facebook,Expansion,Products,upgrade,54596,189,31019,26860,3,61141
2022-05-18,Facebook,Hobbies,Outdoors,upgrades,5344,261,54132,26808,5,4940
2022-05-18,Facebook,Hobbies,Slow,upgrades,5656,247,47666,25497,5,4788
2022-05-18,Facebook,Hobbies,Tinkering,upgrades,6302,169,16375,18946,6,6932
2022-05-18,Google,Expansion,Products,upgrade,6763,112,25060,29230,1,10005
2022-05-18,Google,Hobbies,Outdoors,upgrades,2014,289,21300,50144,6,1472
2022-05-18,Google,Hobbies,Slow,upgrades,3013,181,4464,12471,3,3261
2022-05-18,Google,Hobbies,Tinkering,upgrades,7110,184,16112,33539,0,8828
2022-05-19,Facebook,Expansion,Products,upgrade,42731,152,36710,38605,1,59203
2022-05-19,Facebook,Hobbies,Tinkering,upgrades,2899,222,31482,7872,2,3808
2022-05-19,Facebook,Hobbies,Outdoors,upgrades,6942,247,52043,51981,4,6963
2022-05-19,Facebook,Hobbies,Slow,upgrades,1294,182,14213,16497,1,1931
2022-05-19,Google,Expansion,Products,upgrade,10384,15,31097,25700,4,7814
2022-05-19,Google,Hobbies,Outdoors,upgrades,3868,142,24455,5158,3,2562
2022-05-19,Google,Hobbies,Slow,upgrades,4337,172,22483,13476,3,7109
2022-05-20,Facebook,Expansion,Products,upgrade,47242,149,34386,21693,2,49067
2022-05-20,Facebook,Hobbies,Outdoors,upgrades,2982,209,31654,22523,0,2523
2022-05-20,Facebook,Hobbies,Slow,upgrades,2499,69,17429,13047,5,2479
2022-05-20,Facebook,Hobbies,Tinkering,upgrades,4758,155,48874,19290,5,6127
2022-05-20,Facebook,Hobbies,Quick,upgrades,743,32,3871,15708,1,937
2022-05-20,Facebook,Hobbies,Abstract,upgrades,721,59,12804,9998,1,847
2022-05-20,Facebook,Hobbies,Specific,upgrades,465,31,9796,15821,2,452
2022-05-20,Google,Expansion,Products,upgrade,39879,15,15716,6965,3,51664
2022-05-20,Google,Hobbies,Specific,upgrades,2199,16,14771,11053,1,2137
2022-05-20,Google,Hobbies,Quick,upgrades,2039,34,3018,13976,1,2167
2022-05-20,Google,Hobbies,Slow,upgrades,2562,143,9738,9641,5,2696
2022-05-20,Google,Hobbies,Abstract,upgrades,259,94,6176,7197,2,362
2022-05-20,Google,Hobbies,Outdoors,upgrades,3333,199,28367,29696,2,4578
2022-05-20,Google,Hobbies,Tinkering,upgrades,3285,136,38928,13519,2,3510
2022-05-21,Facebook,Expansion,Products,upgrade,14630,111,26675,27620,0,22043
2022-05-21,Facebook,Hobbies,Outdoors,upgrades,3101,65,22652,27452,1,3067
2022-05-21,Facebook,Hobbies,Tinkering,upgrades,4921,106,49167,10609,2,8158
2022-05-21,Facebook,Hobbies,Quick,upgrades,2940,34,15417,20320,1,4904
2022-05-21,Facebook,Hobbies,Slow,upgrades,2273,188,47808,22624,0,2372
2022-05-21,Facebook,Hobbies,Abstract,upgrades,2703,76,8760,5134,0,4138
2022-05-21,Facebook,Hobbies,Specific,upgrades,3533,42,11259,18807,0,5545
2022-05-21,Google,Expansion,Products,upgrade,45723,27,13518,12719,0,31972
2022-05-21,Google,Hobbies,Specific,upgrades,1208,25,16809,18434,1,1078
2022-05-21,Google,Hobbies,Quick,upgrades,1775,10,18240,18530,2,2131
2022-05-21,Google,Hobbies,Tinkering,upgrades,3521,152,15209,16010,3,3459
2022-05-21,Google,Hobbies,Slow,upgrades,4812,46,5033,8550,4,6643
2022-05-21,Google,Hobbies,Outdoors,upgrades,5672,61,10471,16007,4,6698
2022-05-21,Google,Hobbies,Abstract,upgrades,3274,32,20646,2410,0,3048
2022-05-22,Facebook,Expansion,Products,upgrade,16330,138,11943,34583,2,28426
2022-05-22,Facebook,Hobbies,Quick,upgrades,1402,72,21844,17623,2,1100
2022-05-22,Facebook,Hobbies,Outdoors,upgrades,3831,304,21112,41489,3,5528
2022-05-22,Facebook,Hobbies,Abstract,upgrades,2192,130,15759,4199,0,3192
2022-05-22,Facebook,Hobbies,Specific,upgrades,4025,23,8937,17471,1,4316
2022-05-22,Facebook,Hobbies,Slow,upgrades,3031,30,12156,45887,3,3793
2022-05-22,Google,Expansion,Products,upgrade,15728,52,20331,14429,3,23274
2022-05-22,Google,Hobbies,Quick,upgrades,3619,69,3069,18333,2,2619
2022-05-22,Google,Hobbies,Abstract,upgrades,1657,68,10875,9120,2,1244
2022-05-22,Google,Hobbies,Specific,upgrades,3403,25,9468,16856,2,2562
2022-05-23,Facebook,Expansion,Products,upgrade,30307,58,16480,24419,2,33791
2022-05-23,Facebook,Hobbies,Tinkering,upgrades,2051,109,37278,41845,2,2238
2022-05-23,Facebook,Hobbies,Outdoors,upgrades,3057,220,14846,32156,3,3864
2022-05-23,Facebook,Hobbies,Quick,upgrades,1462,39,15184,15819,2,2313
2022-05-23,Facebook,Hobbies,Specific,upgrades,2703,81,4789,17525,1,2595
2022-05-23,Facebook,Hobbies,Slow,upgrades,3053,151,23005,9219,0,4789
2022-05-23,Google,Hobbies,Specific,upgrades,1245,8,13333,13703,1,1535
2022-05-23,Google,Hobbies,Slow,upgrades,3309,136,25692,30896,2,2619
2022-05-23,Google,Hobbies,Outdoors,upgrades,6476,87,40041,10120,2,8528
2022-05-23,Google,Hobbies,Tinkering,upgrades,7177,49,31385,21966,0,10039
2022-05-24,Facebook,Expansion,Products,upgrade,16475,100,33289,24832,5,13647
2022-05-24,Facebook,Hobbies,Quick,upgrades,2822,54,22756,7689,0,4659
2022-05-24,Facebook,Hobbies,Slow,upgrades,7514,175,23284,9845,2,6387
2022-05-24,Facebook,Hobbies,Outdoors,upgrades,2323,308,57425,38722,6,3295
2022-05-24,Facebook,Hobbies,Tinkering,upgrades,3704,65,13214,10486,0,5152
2022-05-24,Facebook,Hobbies,Specific,upgrades,4059,19,21956,19825,1,4277
2022-05-24,Google,Expansion,Products,upgrade,24875,22,15208,15259,3,33827
2022-05-24,Google,Hobbies,Specific,upgrades,448,7,15693,9097,1,434
2022-05-24,Google,Hobbies,Tinkering,upgrades,5934,52,8549,22632,0,5962
2022-05-24,Google,Hobbies,Quick,upgrades,3511,32,19919,6705,2,3343
2022-05-24,Google,Hobbies,Abstract,upgrades,2662,71,5092,16429,1,3939
2022-05-24,Google,Hobbies,Slow,upgrades,1549,116,9242,15241,1,2103
2022-05-25,Facebook,Expansion,Products,upgrade,36951,90,12865,40517,4,45641
2022-05-25,Facebook,Hobbies,Outdoors,upgrades,2758,321,44935,48930,1,3075
2022-05-25,Facebook,Hobbies,Abstract,upgrades,3110,67,18749,6990,1,3706
2022-05-25,Facebook,Hobbies,Specific,upgrades,3609,37,3222,8734,0,4429
2022-05-25,Facebook,Hobbies,Slow,upgrades,6254,30,32530,24586,0,9493
2022-05-25,Facebook,Hobbies,Quick,upgrades,4201,32,20708,14666,0,3969
2022-05-25,Google,Expansion,Products,upgrade,10993,67,36779,31591,2,11986
2022-05-25,Google,Hobbies,Quick,upgrades,1131,72,4733,9379,2,1213
2022-05-25,Google,Hobbies,Outdoors,upgrades,3931,144,24764,42497,3,4634
2022-05-25,Google,Hobbies,Tinkering,upgrades,3043,50,10349,14686,2,4766
2022-05-25,Google,Hobbies,Abstract,upgrades,1710,48,12751,7163,0,1449
2022-05-25,Google,Hobbies,Slow,upgrades,6664,101,10355,22486,1,4610
2022-05-25,Google,Hobbies,Specific,upgrades,3609,48,17550,15317,1,4664
2022-05-26,Facebook,Hobbies,Quick,upgrades,1486,66,18218,13572,2,1777
2022-05-26,Facebook,Hobbies,Specific,upgrades,1822,77,14045,22215,3,2788
2022-05-26,Facebook,Hobbies,Tinkering,upgrades,4999,92,22731,29565,2,6370
2022-05-26,Facebook,Hobbies,Slow,upgrades,3499,92,10699,30688,3,3871
2022-05-26,Facebook,Hobbies,Outdoors,upgrades,4457,313,22675,14149,2,7293
2022-05-26,Facebook,Hobbies,Abstract,upgrades,2096,55,13994,8923,0,1772
2022-05-26,Google,Expansion,Products,upgrade,9695,28,19587,13386,0,15014
2022-05-26,Google,Hobbies,Quick,upgrades,1712,59,14188,1861,2,1707
2022-05-26,Google,Hobbies,Tinkering,upgrades,6147,96,19678,17279,0,9810
2022-05-26,Google,Hobbies,Slow,upgrades,5497,45,13106,10439,3,3912
2022-05-26,Google,Hobbies,Outdoors,upgrades,3616,238,52513,35366,1,3224
2022-05-26,Google,Hobbies,Abstract,upgrades,983,26,12683,17863,1,1544
2022-05-27,Facebook,Expansion,Products,upgrade,35670,106,14277,15671,3,52882
2022-05-27,Facebook,Hobbies,Slow,upgrades,1570,79,6644,10505,3,1315
2022-05-27,Facebook,Hobbies,Tinkering,upgrades,1969,48,28337,28783,5,3322
2022-05-27,Facebook,Hobbies,Quick,upgrades,3208,59,4389,11140,1,4295
2022-05-27,Facebook,Hobbies,Abstract,upgrades,707,15,14257,11679,2,921
2022-05-27,Facebook,Hobbies,Specific,upgrades,3014,62,16061,7551,1,4669
2022-05-27,Facebook,Hobbies,Outdoors,upgrades,5585,281,16665,16839,4,9648
2022-05-27,Google,Expansion,Products,upgrade,38740,60,30530,4397,3,45715
2022-05-27,Google,Hobbies,Tinkering,upgrades,3437,100,14521,14271,2,2957
2022-05-27,Google,Hobbies,Quick,upgrades,1370,9,13385,6725,2,2028
2022-05-27,Google,Hobbies,Slow,upgrades,3806,34,28260,3895,1,4763
2022-05-27,Google,Hobbies,Outdoors,upgrades,5411,63,41429,27337,2,8492
2022-05-27,Google,Hobbies,Abstract,upgrades,2782,30,10079,9047,1,2022
2022-05-27,Google,Hobbies,Specific,upgrades,1055,45,8739,8599,0,741
2022-05-28,Facebook,Expansion,Products,upgrade,22726,107,15990,10025,4,22643
2022-05-28,Facebook,Hobbies,Abstract,upgrades,2666,44,12644,20815,2,4494
2022-05-28,Facebook,Hobbies,Tinkering,upgrades,7005,106,34109,31396,1,6704
2022-05-28,Facebook,Hobbies,Outdoors,upgrades,2309,52,43912,28551,3,2725
2022-05-28,Facebook,Hobbies,Specific,upgrades,4115,46,6452,13323,2,3369
2022-05-28,Facebook,Hobbies,Slow,upgrades,4651,145,17464,22006,0,5435
2022-05-28,Google,Expansion,Products,upgrade,42523,121,5390,25806,1,69659
2022-05-28,Google,Hobbies,Outdoors,upgrades,3026,237,40233,35819,3,2145
2022-05-28,Google,Hobbies,Slow,upgrades,4106,138,19368,7033,2,4673
2022-05-28,Google,Hobbies,Specific,upgrades,2847,35,6346,2591,2,3768
2022-05-29,Facebook,Expansion,Products,upgrade,49416,40,23002,11024,1,46402
2022-05-29,Facebook,Hobbies,Abstract,upgrades,3329,40,27047,21637,2,3579
2022-05-29,Facebook,Hobbies,Specific,upgrades,3011,113,27160,27264,3,3663
2022-05-29,Facebook,Hobbies,Outdoors,upgrades,7560,140,63497,20030,6,12968
2022-05-29,Facebook,Hobbies,Quick,upgrades,3271,69,12777,4580,1,2954
2022-05-29,Facebook,Hobbies,Slow,upgrades,6980,69,22657,25116,3,11555
2022-05-29,Google,Hobbies,Quick,upgrades,1069,53,12828,10706,1,1722
2022-05-29,Google,Hobbies,Tinkering,upgrades,7945,55,35002,10468,1,9522
2022-05-29,Google,Hobbies,Abstract,upgrades,2059,35,17051,17791,1,1582
2022-05-30,Facebook,Expansion,Products,upgrade,47899,111,30011,23167,5,63186
2022-05-30,Facebook,Hobbies,Outdoors,upgrades,3010,152,27718,10570,2,2494
2022-05-30,Facebook,Hobbies,Slow,upgrades,4122,16,12023,9747,1,4428
2022-05-30,Facebook,Hobbies,Abstract,upgrades,2672,18,3326,11105,1,2309
2022-05-30,Facebook,Hobbies,Specific,upgrades,3351,89,5234,10134,0,3020
2022-05-30,Facebook,Hobbies,Tinkering,upgrades,3624,32,14224,10394,4,5615
2022-05-30,Facebook,Hobbies,Quick,upgrades,2928,61,7619,12215,1,4840
2022-05-30,Google,Expansion,Products,upgrade,7012,55,30953,28672,4,9723
2022-05-30,Google,Hobbies,Tinkering,upgrades,2786,73,23101,23314,1,2398
2022-05-30,Google,Hobbies,Specific,upgrades,3211,44,4714,12085,1,2313
2022-05-30,Google,Hobbies,Outdoors,upgrades,2926,138,7244,19128,1,2873
2022-05-31,Facebook,Expansion,Products,upgrade,52755,147,39842,31020,0,85812
2022-05-31,Facebook,Hobbies,Outdoors,upgrades,0,0,0,0,0,0
2022-05-31,Facebook,Hobbies,Tinkering,upgrades,2055,44,22461,26770,0,2233
2022-05-31,Google,Expansion,Products,upgrade,19562,19,17491,6103,6,26515
2022-05-31,Google,Hobbies,Specific,upgrades,2780,75,8391,14985,1,3222
2022-05-31,Google,Hobbies,Outdoors,upgrades,0,0,0,0,0,0
2022-05-31,Google,Hobbies,Tinkering,upgrades,2874,109,6241,14980,1,3535
2022-06-01,Facebook,Expansion,Products,upgrade,14920,72,33127,39482,4,13825
2022-06-01,Facebook,Hobbies,Specific,upgrades,3531,22,4212,16738,1,3885
2022-06-01,Facebook,Hobbies,Outdoors,upgrades,0,0,0,0,0,0
2022-06-01,Facebook,Hobbies,Quick,upgrades,0,0,0,0,0,0
2022-06-01,Facebook,Hobbies,Tinkering,upgrades,4733,166,28678,23582,3,4646
2022-06-01,Google,Expansion,Products,upgrade,28630,76,36020,34295,3,22434
2022-06-01,Google,Hobbies,Tinkering,upgrades,1048,39,29375,11669,2,984
2022-06-01,Google,Hobbies,Outdoors,upgrades,0,0,0,0,0,0
2022-06-01,Google,Hobbies,Specific,upgrades,3658,41,12384,8452,3,3546
2022-06-02,Facebook,Expansion,Products,upgrade,51425,90,34123,30231,5,56151
2022-06-02,Facebook,Hobbies,Specific,upgrades,2715,64,23255,5550,1,3233
2022-06-02,Facebook,Hobbies,Tinkering,upgrades,2051,107,18605,11510,1,3450
2022-06-02,Google,Expansion,Products,upgrade,9276,113,18959,22952,2,9456
2022-06-02,Google,Hobbies,Tinkering,upgrades,4490,79,26173,8769,0,5572
2022-06-02,Google,Hobbies,Specific,upgrades,2484,43,5525,18657,1,3906
2022-06-03,Facebook,Expansion,Products,upgrade,39089,87,11090,14577,0,39201
2022-06-03,Facebook,Hobbies,Tinkering,upgrades,3702,48,26506,22054,2,5023
2022-06-03,Facebook,Hobbies,Specific,upgrades,2415,19,12250,15713,2,2111
2022-06-04,Facebook,Expansion,Products,upgrade,21562,89,5642,31068,4,27261
2022-06-04,Facebook,Hobbies,Specific,upgrades,5089,33,15903,20689,3,5738
2022-06-04,Facebook,Hobbies,Tinkering,upgrades,5014,107,11259,16074,1,6711
2022-06-04,Google,Expansion,Products,upgrade,11970,29,10076,12274,1,16243
2022-06-04,Google,Hobbies,Tinkering,upgrades,2460,106,3690,10393,1,1914
2022-06-05,Facebook,Expansion,Products,upgrade,55533,109,37427,13547,3,79341
2022-06-05,Facebook,Hobbies,Specific,upgrades,3385,96,35477,9507,2,5223
2022-06-05,Facebook,Hobbies,Tinkering,upgrades,1506,33,11652,29292,2,2238
2022-06-05,Google,Expansion,Products,upgrade,31797,103,5872,4243,0,22397
2022-06-05,Google,Hobbies,Specific,upgrades,3366,44,13142,17106,1,4052
2022-06-06,Facebook,Expansion,Products,upgrade,24494,36,29891,13903,4,32070
2022-06-06,Facebook,Hobbies,Tinkering,upgrades,2963,193,9143,25076,3,4383
2022-06-06,Facebook,Hobbies,Specific,upgrades,7103,138,12117,18088,1,12360
2022-06-06,Google,Expansion,Products,upgrade,25188,135,14195,26626,1,36012
2022-06-06,Google,Hobbies,Tinkering,upgrades,6195,98,26152,37844,2,9017
2022-06-07,Facebook,Hobbies,Specific,upgrades,5989,196,18741,37663,5,10262
2022-06-07,Facebook,Hobbies,Tinkering,upgrades,9182,77,30374,44374,4,15947
2022-06-07,Google,Expansion,Products,upgrade,42369,104,27146,17573,3,31972
2022-06-08,Facebook,Expansion,Products,upgrade,43416,123,27349,19014,5,49272
2022-06-08,Facebook,Hobbies,Tinkering,upgrades,7746,98,23491,8892,5,6638
2022-06-08,Facebook,Hobbies,Specific,upgrades,3033,60,23449,22845,4,4491
2022-06-08,Google,Expansion,Products,upgrade,20486,55,6863,6299,3,25617
2022-06-08,Google,Hobbies,Specific,upgrades,3466,127,10011,38736,3,2703
2022-06-09,Facebook,Expansion,Products,upgrade,33720,93,13185,13781,1,51441
2022-06-09,Facebook,Hobbies,Tinkering,upgrades,7417,245,54182,33360,3,7934
2022-06-09,Facebook,Hobbies,Specific,upgrades,6373,214,9512,31608,1,6368
2022-06-09,Google,Expansion,Products,upgrade,7454,57,10611,15912,1,8767
2022-06-09,Google,Hobbies,Specific,upgrades,7385,163,31208,30206,2,5921
2022-06-10,Facebook,Expansion,Products,upgrade,26147,50,22099,24000,3,33964
2022-06-10,Facebook,Hobbies,Tinkering,upgrades,7676,280,64869,29233,2,10032
2022-06-10,Google,Hobbies,Unlimited,upgrades,1083,33,1650,5069,0,1606
2022-06-11,Facebook,Expansion,Products,upgrade,40786,62,13346,9525,1,41369
2022-06-11,Facebook,Hobbies,Business,upgrades,1188,65,7057,17248,1,1972
2022-06-11,Facebook,Hobbies,Specific,upgrades,8456,178,45050,25664,3,9620
2022-06-11,Facebook,Hobbies,Unlimited,upgrades,2276,79,15790,12082,1,1767
2022-06-11,Facebook,Hobbies,Tinkering,upgrades,2318,41,11965,9291,4,3907
2022-06-11,Google,Expansion,Products,upgrade,44721,72,17373,15833,2,42805
2022-06-11,Google,Hobbies,Business,upgrades,3465,42,18676,3152,1,3636
2022-06-12,Facebook,Expansion,Products,upgrade,36543,73,9715,21505,4,34451
2022-06-12,Facebook,Hobbies,Specific,upgrades,6046,103,31010,20815,4,9546
2022-06-12,Facebook,Hobbies,Unlimited,upgrades,3757,30,12462,15321,1,5199
2022-06-12,Facebook,Hobbies,Tinkering,upgrades,6244,87,27403,28470,2,4705
2022-06-12,Facebook,Hobbies,Business,upgrades,3154,49,12498,5411,0,4183
2022-06-12,Google,Expansion,Products,upgrade,33442,31,19709,15435,1,24296
2022-06-12,Google,Hobbies,Business,upgrades,1155,74,5366,14495,2,1776
2022-06-12,Google,Hobbies,Tinkering,upgrades,6652,87,10956,38064,1,8072
2022-06-12,Google,Hobbies,Specific,upgrades,6492,17,22068,33294,2,7956
2022-06-13,Facebook,Expansion,Products,upgrade,49496,70,15287,5407,4,70675
2022-06-13,Facebook,Hobbies,Tinkering,upgrades,11356,217,10489,23409,5,16666
2022-06-13,Facebook,Hobbies,Specific,upgrades,2543,120,19727,13571,2,2342
2022-06-13,Google,Expansion,Products,upgrade,22504,68,12093,6014,2,15615
2022-06-13,Google,Hobbies,Business,upgrades,1123,56,10939,19196,0,1313
2022-06-13,Google,Hobbies,Unlimited,upgrades,1416,72,6606,6876,1,1774
2022-06-14,Facebook,Expansion,Products,upgrade,31783,31,4627,14851,5,47388
2022-06-14,Facebook,Hobbies,Unlimited,upgrades,3547,60,6977,6923,0,3284
2022-06-14,Facebook,Hobbies,Tinkering,upgrades,4459,285,10775,52012,1,6079
2022-06-14,Facebook,Hobbies,Business,upgrades,4348,92,16920,20231,1,3752
2022-06-14,Google,Expansion,Products,upgrade,17140,85,5784,2363,3,19816
2022-06-14,Google,Hobbies,Specific,upgrades,1167,66,32516,13530,1,1284
2022-06-14,Google,Hobbies,Unlimited,upgrades,2671,119,9363,4611,1,3068
2022-06-14,Google,Hobbies,Business,upgrades,3189,59,8535,18047,1,4453
2022-06-15,Facebook,Expansion,Products,upgrade,33961,47,25254,15371,1,39700
2022-06-15,Facebook,Hobbies,Tinkering,upgrades,10901,100,24832,22635,1,13309
2022-06-15,Facebook,Hobbies,Unlimited,upgrades,4004,117,5450,12437,3,6569
2022-06-15,Facebook,Hobbies,Business,upgrades,995,7,5535,3798,0,1306
2022-06-15,Facebook,Hobbies,Specific,upgrades,2123,37,4595,8262,1,3600
2022-06-15,Google,Expansion,Products,upgrade,18067,66,20039,22046,3,17597
2022-06-15,Google,Hobbies,Specific,upgrades,2597,33,9318,7721,0,3849
2022-06-15,Google,Hobbies,Business,upgrades,204,16,3630,5103,1,266
2022-06-16,Facebook,Expansion,Products,upgrade,29683,105,13671,13944,1,45218
2022-06-16,Facebook,Hobbies,Tinkering,upgrades,1981,98,34972,49991,5,3120
2022-06-16,Facebook,Hobbies,Unlimited,upgrades,1977,102,6837,6269,2,3258
2022-06-16,Facebook,Hobbies,Specific,upgrades,0,0,0,0,0,0
2022-06-16,Google,Expansion,Products,upgrade,21566,65,14210,8549,0,18892
2022-06-16,Google,Hobbies,Unlimited,upgrades,3358,77,15613,12016,3,3361
2022-06-17,Facebook,Expansion,Products,upgrade,13680,47,4112,18209,1,19544
2022-06-17,Facebook,Hobbies,Tinkering,upgrades,2732,95,48666,50282,0,2647
2022-06-17,Facebook,Hobbies,Unlimited,upgrades,4322,105,18930,16768,2,3296
2022-06-17,Google,Expansion,Products,upgrade,12084,64,20466,19820,0,10039
2022-06-17,Google,Hobbies,Tinkering,upgrades,5001,83,39947,23001,4,8176
2022-06-18,Facebook,Expansion,Products,upgrade,37775,34,10517,11086,1,29771
2022-06-18,Facebook,Hobbies,Tinkering,upgrades,3988,105,56188,24112,6,6837
2022-06-18,Google,Expansion,Products,upgrade,16741,16,10324,10032,4,26800
2022-06-18,Google,Hobbies,Tinkering,upgrades,8757,195,49340,15130,3,6948
2022-06-18,Google,Hobbies,Unlimited,upgrades,3366,64,19684,4633,1,2272
2022-06-19,Facebook,Expansion,Products,upgrade,49032,35,11936,8652,3,81192
2022-06-19,Facebook,Hobbies,Tinkering,upgrades,11857,201,28582,47927,5,17292
2022-06-19,Facebook,Hobbies,Unlimited,upgrades,1348,146,19891,22476,1,1731
2022-06-19,Google,Expansion,Products,upgrade,41082,20,26653,17427,2,64792
2022-06-19,Google,Hobbies,Unlimited,upgrades,2676,62,20567,15253,2,3412
2022-06-20,Facebook,Expansion,Products,upgrade,14071,64,23450,4855,6,15151
2022-06-20,Facebook,Hobbies,Tinkering,upgrades,7854,117,10845,33669,4,11709
2022-06-20,Facebook,Hobbies,Unlimited,upgrades,4364,36,19693,5675,2,4251
2022-06-20,Google,Hobbies,Tinkering,upgrades,3646,43,53636,21856,1,5365
2022-06-20,Google,Hobbies,Business,upgrades,0,0,0,0,0,0
2022-06-20,Google,Hobbies,Unlimited,upgrades,1916,116,20886,8785,3,1553
2022-06-21,Facebook,Expansion,Products,upgrade,57803,168,9978,15218,1,77930
2022-06-21,Facebook,Hobbies,Unlimited,upgrades,3885,126,5466,4384,1,5780
2022-06-21,Facebook,Hobbies,Tinkering,upgrades,5111,103,33429,40448,2,4510
2022-06-21,Google,Expansion,Products,upgrade,34665,60,17181,11768,4,31834
2022-06-21,Google,Hobbies,Unlimited,upgrades,2034,125,10413,19114,3,2362
2022-06-21,Google,Hobbies,Tinkering,upgrades,1525,145,48929,21469,4,2144
2022-06-22,Facebook,Hobbies,Unlimited,upgrades,1217,66,19968,11276,2,1958
2022-06-22,Facebook,Hobbies,Tinkering,upgrades,11019,47,54745,50803,3,15959
2022-06-22,Google,Expansion,Products,upgrade,26767,22,10213,14567,6,39598
2022-06-22,Google,Hobbies,Tinkering,upgrades,6603,29,31359,19135,1,8855
2022-06-22,Google,Hobbies,Unlimited,upgrades,1063,88,15560,13865,1,1203
2022-06-23,Facebook,Expansion,Products,upgrade,11303,126,6823,7092,6,11869
2022-06-23,Facebook,Hobbies,Unlimited,upgrades,4148,59,20908,21839,1,4098
2022-06-23,Google,Expansion,Products,upgrade,23610,116,14680,8214,1,37967
2022-06-23,Google,Hobbies,Tinkering,upgrades,1050,184,48185,37230,5,719
2022-06-24,Facebook,Expansion,Products,upgrade,34613,36,9901,5899,5,53254
2022-06-24,Facebook,Hobbies,Unlimited,upgrades,2414,115,20389,12697,1,1936
2022-06-24,Facebook,Hobbies,Tinkering,upgrades,10352,97,37298,18315,6,10974
2022-06-24,Google,Expansion,Products,upgrade,23676,88,15690,19896,0,15696
2022-06-24,Google,Hobbies,Tinkering,upgrades,1183,103,9455,45129,6,1763
2022-06-24,Google,Hobbies,Unlimited,upgrades,1624,94,4805,20822,3,1129
2022-06-25,Facebook,Expansion,Products,upgrade,26730,66,11977,14821,1,38895
2022-06-25,Facebook,Hobbies,Tinkering,upgrades,3143,130,21165,31323,4,5405
2022-06-25,Google,Expansion,Products,upgrade,18577,26,18451,18312,4,29403
2022-06-25,Google,Hobbies,Tinkering,upgrades,8633,28,24343,20032,0,7494
2022-06-25,Google,Hobbies,Unlimited,upgrades,2557,107,26560,14368,3,2192
2022-06-26,Facebook,Expansion,Products,upgrade,51452,45,6387,15096,3,85670
2022-06-26,Facebook,Hobbies,Unlimited,upgrades,7267,207,23971,11466,1,6223
2022-06-26,Google,Expansion,Products,upgrade,10176,79,6929,2705,3,16705
2022-06-26,Google,Hobbies,Unlimited,upgrades,2402,134,10929,27300,3,3243
2022-06-27,Facebook,Expansion,Products,upgrade,54780,108,27268,8392,4,87195
2022-06-27,Facebook,Hobbies,Tinkering,upgrades,1970,75,24050,47874,2,3290
2022-06-27,Facebook,Hobbies,Unlimited,upgrades,1169,44,32891,30386,3,1869
2022-06-27,Google,Expansion,Products,upgrade,26211,69,23662,12344,4,37034
2022-06-27,Google,Hobbies,Unlimited,upgrades,3809,207,38218,13913,2,5741
2022-06-27,Google,Hobbies,Tinkering,upgrades,2357,117,45813,35546,2,3517
2022-06-28,Facebook,Expansion,Products,upgrade,32228,13,6133,7631,2,29748
2022-06-28,Facebook,Hobbies,Tinkering,upgrades,7239,69,19876,43029,4,7573
2022-06-28,Facebook,Hobbies,Unlimited,upgrades,3423,213,12196,39868,2,2775
2022-06-28,Google,Expansion,Products,upgrade,46784,16,2943,3822,1,39897
2022-06-28,Google,Hobbies,Unlimited,upgrades,6334,133,8119,29995,0,8177
2022-06-28,Google,Hobbies,Tinkering,upgrades,2738,92,35639,43503,3,3719
2022-06-29,Facebook,Expansion,Products,upgrade,30704,56,4843,7620,3,47929
2022-06-29,Facebook,Hobbies,Tinkering,upgrades,9508,67,13454,16717,7,9269
2022-06-29,Google,Expansion,Products,upgrade,40144,48,13377,12567,0,32437
2022-06-29,Google,Hobbies,Unlimited,upgrades,4375,137,26661,20528,7,3921
2022-06-29,Google,Hobbies,Tinkering,upgrades,1734,192,43376,5563,1,2114
2022-06-30,Facebook,Expansion,Products,upgrade,20624,44,13695,23148,2,20327
2022-06-30,Facebook,Hobbies,Tinkering,upgrades,5784,98,45014,39124,4,9238
2022-06-30,Facebook,Hobbies,Specific,upgrades,2435,28,8407,18936,2,4082
2022-06-30,Facebook,Hobbies,Quick,upgrades,2374,46,16182,12121,1,3977
2022-06-30,Facebook,Hobbies,Unlimited,upgrades,2349,121,24851,11809,0,3297
2022-06-30,Google,Expansion,Products,upgrade,37053,124,6128,24850,4,27613
2022-06-30,Google,Hobbies,Quick,upgrades,3331,86,4639,14676,2,2185
2022-06-30,Google,Hobbies,Specific,upgrades,3014,28,21246,8849,3,4397
2022-07-01,Facebook,Expansion,Products,upgrade,38320,119,20914,33213,2,30939
2022-07-01,Facebook,Hobbies,Unlimited,upgrades,4071,74,14015,9046,0,5604
2022-07-01,Facebook,Hobbies,Specific,upgrades,2247,75,17193,6377,1,3895
2022-07-01,Facebook,Hobbies,Quick,upgrades,1485,40,9377,1928,1,1438
2022-07-01,Facebook,Hobbies,Tinkering,upgrades,2663,26,7534,2694,1,3572
2022-07-01,Google,Expansion,Products,upgrade,55589,84,27205,25214,1,70210
2022-07-01,Google,Hobbies,Quick,upgrades,1629,9,1532,7277,0,2231
2022-07-01,Google,Hobbies,Unlimited,upgrades,490,90,8516,15716,1,693
2022-07-02,Facebook,Expansion,Products,upgrade,51073,31,18550,25574,0,54589
2022-07-02,Facebook,Hobbies,Unlimited,upgrades,0,0,0,0,0,0
2022-07-02,Facebook,Hobbies,Specific,upgrades,0,0,0,0,0,0
2022-07-02,Facebook,Hobbies,Quick,upgrades,0,0,0,0,0,0
2022-07-02,Facebook,Hobbies,Tinkering,upgrades,0,0,0,0,0,0
2022-07-02,Google,Expansion,Products,upgrade,48577,19,10272,20402,0,42664
2022-07-02,Google,Hobbies,Specific,upgrades,0,0,0,0,0,0
2022-07-02,Google,Hobbies,Unlimited,upgrades,0,0,0,0,0,0
2022-07-02,Google,Hobbies,Quick,upgrades,0,0,0,0,0,0
2022-07-03,Facebook,Expansion,Products,upgrade,49898,36,6802,7073,2,71734
2022-07-03,Facebook,Hobbies,Specific,upgrades,0,0,0,0,0,0
2022-07-03,Google,Expansion,Products,upgrade,39514,84,26865,28214,2,28047
2022-07-03,Google,Hobbies,Specific,upgrades,0,0,0,0,0,0
2022-07-04,Facebook,Expansion,Products,upgrade,48816,145,9719,5540,7,74066
2022-07-04,Facebook,Hobbies,Tinkering,upgrades,0,0,0,0,0,0
2022-07-04,Google,Hobbies,Tinkering,upgrades,0,0,0,0,0,0
2022-07-05,Facebook,Expansion,Products,upgrade,38764,138,11470,7378,3,65817
2022-07-05,Facebook,Hobbies,Unlimited,upgrades,0,0,0,0,0,0
2022-07-05,Facebook,Hobbies,Tinkering,upgrades,0,0,0,0,0,0
2022-07-05,Google,Expansion,Products,upgrade,21516,104,9106,4686,4,27538
2022-07-05,Google,Hobbies,Tinkering,upgrades,0,0,0,0,0,0
2022-07-06,Facebook,Expansion,Products,upgrade,59029,39,8726,19609,3,61648
2022-07-06,Google,Expansion,Products,upgrade,54317,23,11383,8135,6,44371
2022-07-07,Facebook,Hobbies,Unlimited,upgrades,0,0,0,0,0,0
2022-07-07,Google,Expansion,Products,upgrade,36203,134,3797,22445,0,30496
2022-07-07,Google,Hobbies,Unlimited,upgrades,0,0,0,0,0,0
2022-07-08,Facebook,Expansion,Products,upgrade,17148,98,11348,6526,1,18534
2022-07-09,Facebook,Expansion,Products,upgrade,46170,53,25300,22293,2,35511
2022-07-09,Google,Expansion,Products,upgrade,36999,12,10887,6800,3,27714
2022-07-10,Facebook,Expansion,Products,upgrade,23434,74,11266,14152,5,25462
2022-07-11,Facebook,Expansion,Products,upgrade,3302,40,2674,4950,2,4702
2022-07-11,Google,Expansion,Products,upgrade,8565,39,5476,8407,0,6515
2022-10-27,Facebook,Expansion,Products,upgrade,35963,87,45223,13859,3,37669
2022-10-27,Google,Expansion,Products,upgrade,48639,22,9899,33251,5,54958
2022-10-28,Facebook,Expansion,Products,upgrade,63033,121,5522,8665,3,59000
2022-10-29,Facebook,Expansion,Products,upgrade,71403,115,33358,7757,3,68034
2022-10-29,Google,Expansion,Products,upgrade,49801,81,26075,15090,0,67070
2022-10-30,Facebook,Expansion,Products,upgrade,33591,69,27562,30478,4,47261
2022-10-30,Google,Expansion,Products,upgrade,41590,120,28477,10256,2,36189
2022-10-31,Facebook,Expansion,Products,upgrade,22745,58,6054,8858,1,19187
2022-10-31,Google,Expansion,Products,upgrade,14153,29,6922,4800,2,20471
2022-11-01,Facebook,Expansion,Products,upgrade,0,0,0,0,0,0
2022-11-01,Google,Expansion,Products,upgrade,0,0,0,0,0,0
2022-11-05,Facebook,Expansion,Products,upgrade,0,0,0,0,0,0
2022-11-05,Google,Expansion,Products,upgrade,0,0,0,0,0,0
,Facebook,,,,0,0,0,0,0,0
